761.924959,-0.090561,-2.300247,-0.181122
761.935938,-0.217346,-1.938004,-0.307907
761.945977,-0.235458,-1.774994,-0.307907
761.956342,-0.090561,-1.593872,-0.144897
761.966193,-0.036224,-1.430862,0.090561
761.976305,-0.036224,-1.213516,0.326019
761.986252,-0.036224,-0.941833,0.398468
761.996391,-0.090561,-0.778824,0.344131
762.006346,-0.090561,-0.615814,0.543365
762.016498,-0.217346,-0.561478,0.199234
762.026604,-0.326019,-0.452805,0.090561
762.036529,-0.344131,-0.398468,0.199234
762.046689,-0.253571,-0.380356,0.126785
762.056719,-0.036224,-0.289795,0.036224
762.066785,0.054337,-0.235458,0.16301
762.076865,-0.036224,-0.199234,0.271683
762.086757,-0.126785,-0.144897,0.235458
762.096965,-0.072449,-0.090561,0.181122
762.107108,0.16301,-0.126785,0.199234
762.117032,0.434692,-0.16301,0.253571
762.127112,0.57959,-0.181122,0.253571
762.137001,0.597702,-0.144897,0.326019
762.147213,0.543365,-0.144897,0.362244
762.157371,0.489029,-0.108673,0.326019
762.167322,0.41658,-0.144897,0.253571
762.177401,0.326019,-0.217346,0.199234
762.187332,0.253571,-0.362244,0.181122
762.197497,0.108673,-0.561478,0.144897
762.207663,-0.108673,-0.83316,-0.054337
762.217614,-0.144897,-1.231628,-0.959946
762.227697,-0.525253,-2.173462,-2.300247
762.237638,-2.300247,-2.300247,-0.941833
762.247788,-2.300247,-2.300247,-0.525253
762.257967,-1.883667,-2.137238,-0.83316
762.267931,-0.597702,-1.267853,-0.941833
762.277993,-0.16301,-0.742599,-0.778824
762.287939,-0.271683,-0.633926,-0.742599
762.299015,-0.090561,-0.434692,-0.670151
762.309145,0.543365,-0.597702,-0.815048
762.319375,0.923721,-1.485199,-0.633926
762.329413,0.670151,-2.300247,-0.380356
762.339583,0.452805,-2.300247,-0.615814
762.350011,-0.778824,-2.137238,0.489029
762.361938,-0.99617,-1.340302,1.467087
762.372058,-0.16301,-1.014282,1.050507
762.382185,0.452805,-0.652039,0.271683
762.392377,0.778824,-0.41658,-0.108673
762.402551,0.633926,-0.326019,0.289795
762.412119,0.434692,-0.398468,0.452805
762.421884,0.344131,-0.452805,0.380356
762.432962,0.235458,-0.706375,0.41658
762.443062,0.16301,-1.104843,0.470917
762.452261,0.144897,-1.539536,0.489029
762.463141,0.289795,-1.756882,0.57959
762.473321,0.344131,-1.793106,0.706375
762.483462,0.362244,-1.774994,0.742599
762.493649,0.235458,-1.666321,0.688263
762.503781,0.018112,-1.394638,0.688263
762.513971,-0.126785,-1.068619,0.652039
762.52418,-0.235458,-0.815048,0.525253
762.534275,-0.326019,-0.706375,0.380356
762.544395,-0.434692,-0.760712,0.271683
762.554546,-0.507141,-0.869385,0.144897
762.564784,-0.597702,-0.851273,-0.108673
762.574944,-0.615814,-0.670151,-0.181122
762.584976,-0.561478,-0.760712,-0.289795
762.595221,-0.470917,-0.959946,-0.217346
762.605376,-0.380356,-1.050507,-0.108673
762.615492,-0.380356,-0.978058,0.036224
762.625635,-0.398468,-0.778824,0.181122
762.635778,-0.434692,-0.615814,0.380356
762.645841,-0.362244,-0.615814,0.199234
762.656181,-0.036224,-0.778824,-1.666321
762.666342,-0.126785,-1.032394,-1.104843
762.676487,-0.307907,-1.068619,0.054337
762.686629,-0.470917,-0.923721,0.670151
762.696806,-0.706375,-0.83316,0.83316
762.706939,-0.815048,-0.742599,0.507141
762.717043,-0.851273,-0.796936,0.018112
762.727195,-0.869385,-0.923721,-0.41658
762.73733,-0.760712,-0.959946,-0.543365
762.74746,-0.597702,-0.941833,-0.307907
762.757608,-0.489029,-0.923721,0.054337
762.767768,-0.434692,-0.959946,0.326019
762.777892,-0.398468,-0.99617,0.507141
762.788034,-0.380356,-1.068619,0.561478
762.798222,-0.326019,-1.177292,0.543365
762.808354,-0.307907,-1.213516,0.380356
762.818479,-0.362244,-1.195404,0.108673
762.828626,-0.380356,-1.177292,-0.036224
762.838761,-0.344131,-1.141068,0.054337
762.848914,-0.289795,-1.104843,0.199234
762.859042,-0.289795,-1.141068,0.271683
762.86918,-0.380356,-1.304077,0.235458
762.879327,-0.724487,-1.702545,-0.036224
762.889443,-0.99617,-1.82933,-0.380356
762.899691,-0.941833,-1.648209,-0.41658
762.909405,-0.57959,-1.358414,-0.144897
762.919014,-0.199234,-1.195404,-0.16301
762.930041,0.271683,-1.213516,-0.235458
762.939612,0.253571,-1.41275,0.253571
762.949455,0.144897,-1.593872,0.543365
762.959483,0.036224,-1.865555,0.489029
762.969982,0.036224,-2.173462,0.307907
762.980548,-0.235458,-2.209686,0.108673
762.99039,-0.543365,-2.191574,-0.181122
763.002315,-0.670151,-2.082901,-0.344131
763.01249,-0.561478,-1.82933,-0.253571
763.022614,-0.271683,-1.630096,-0.090561
763.032755,-0.054337,-1.304077,0.054337
763.042891,0.072449,-1.050507,0.199234
763.05304,0.108673,-0.83316,0.326019
763.063172,0.108673,-0.670151,0.470917
763.073347,0.126785,-0.597702,0.507141
763.083502,-0.036224,-0.57959,0.344131
763.093651,-0.16301,-0.470917,0.235458
763.103844,-0.16301,-0.380356,0.181122
763.114018,-0.144897,-0.289795,0.144897
763.124245,-0.126785,-0.199234,0.054337
763.134302,-0.126785,-0.16301,0.072449
763.144441,-0.235458,-0.16301,0.235458
763.154584,-0.235458,-0.144897,0.253571
763.164818,-0.126785,-0.181122,0.253571
763.174894,0.126785,-0.217346,0.253571
763.185041,0.362244,-0.235458,0.289795
763.195209,0.543365,-0.199234,0.380356
763.205377,0.57959,-0.16301,0.41658
763.215521,0.525253,-0.108673,0.380356
763.225679,0.489029,-0.144897,0.362244
763.235728,0.41658,-0.271683,0.271683
763.245784,0.344131,-0.452805,0.16301
763.255864,0.16301,-0.688263,-0.072449
763.266261,-0.036224,-0.99617,-0.633926
763.27638,-0.054337,-1.630096,-2.300247
763.286503,-1.485199,-2.300247,-1.430862
763.295826,-2.300247,-2.300247,-0.923721
763.307789,-2.300247,-2.300247,-0.561478
763.31793,-1.014282,-1.611984,-0.652039
763.328061,-0.199234,-0.923721,-0.851273
763.338195,-0.072449,-0.778824,-0.742599
763.348321,-0.126785,-0.778824,-0.597702
763.358459,0.16301,-0.57959,-0.525253
763.368589,0.380356,-0.507141,-0.815048
763.378738,0.724487,-1.322189,-0.905609
763.388872,0.543365,-2.282135,-0.959946
763.399161,0.072449,-2.300247,-0.851273
763.408584,-0.706375,-2.082901,0.036224
763.41871,-0.41658,-1.467087,0.760712
763.429588,0.398468,-0.99617,0.941833
763.439132,0.724487,-0.507141,0.525253
763.448797,0.706375,-0.126785,0.507141
763.458987,0.470917,-0.054337,0.724487
763.46967,0.307907,-0.289795,0.615814
763.480007,0.235458,-0.489029,0.452805
763.490092,0.253571,-0.815048,0.434692
763.500246,0.271683,-1.231628,0.434692
763.510433,0.289795,-1.57576,0.489029
763.520562,0.344131,-1.865555,0.543365
763.530686,0.307907,-2.300247,0.615814
763.540877,-0.054337,-1.99234,0.507141
763.550988,-0.199234,-1.41275,0.362244
763.561118,-0.326019,-1.014282,0.307907
763.571239,-0.434692,-0.760712,0.289795
763.581392,-0.57959,-0.597702,0.253571
763.591522,-0.652039,-0.470917,0.199234
763.601668,-0.724487,-0.470917,0.108673
763.611869,-0.760712,-0.543365,-0.126785
763.622005,-0.561478,-0.597702,-0.525253
763.63212,-0.16301,-0.561478,-0.41658
763.642274,-0.217346,-0.688263,-0.126785
763.652415,-0.289795,-0.83316,0.108673
763.662549,-0.289795,-0.99617,0.199234
763.672693,-0.217346,-1.032394,0.307907
763.682855,-0.144897,-0.941833,0.271683
763.692988,-0.036224,-0.923721,-0.307907
763.703124,-0.018112,-0.796936,-0.815048
763.713338,-0.253571,-0.869385,-0.869385
763.723481,-0.434692,-1.014282,-0.959946
763.733641,-0.633926,-1.122955,-0.869385
763.743781,-0.706375,-1.050507,0.018112
763.753963,-0.724487,-0.941833,0.869385
763.764098,-0.615814,-0.742599,0.905609
763.774248,-0.41658,-0.688263,0.597702
763.784347,-0.344131,-0.778824,0.199234
763.794494,-0.470917,-0.923721,-0.16301
763.803666,-0.57959,-1.014282,-0.326019
763.814775,-0.652039,-1.068619,-0.289795
763.824917,-0.543365,-1.177292,-0.036224
763.834985,-0.398468,-1.231628,0.362244
763.845121,-0.344131,-1.231628,0.489029
763.855291,-0.307907,-1.177292,0.489029
763.865402,-0.307907,-1.15918,0.289795
763.875569,-0.271683,-1.15918,0.16301
763.885722,-0.235458,-1.104843,0.018112
763.895773,-0.344131,-1.068619,-0.018112
763.905315,-0.57959,-0.978058,0.072449
763.915182,-0.815048,-0.941833,0.054337
763.925376,-0.959946,-1.014282,0.036224
763.935342,-0.99617,-1.195404,0.054337
763.947733,-0.99617,-1.394638,0.090561
763.956503,-0.99617,-1.430862,0.16301
763.966258,-0.796936,-1.340302,0.090561
763.976662,-0.380356,-1.249741,-0.16301
763.986713,-0.036224,-1.231628,-0.199234
763.996639,0.144897,-1.267853,-0.054337
764.006881,0.217346,-1.376526,0.181122
764.017131,0.217346,-1.648209,0.344131
764.027537,0.16301,-2.028564,0.307907
764.037345,0.235458,-2.300247,0.090561
764.047471,0.307907,-2.173462,-0.108673
764.05784,0.072449,-1.956116,-0.253571
764.067835,-0.126785,-2.028564,-0.326019
764.077712,-0.126785,-1.811218,-0.362244
764.089178,-0.090561,-1.503311,-0.235458
764.097598,-0.018112,-1.267853,-0.018112
764.108187,0.018112,-1.014282,0.271683
764.117512,-0.018112,-0.923721,0.398468
764.127465,-0.054337,-0.851273,0.470917
764.13812,-0.235458,-0.742599,0.253571
764.147642,-0.307907,-0.652039,0.144897
764.157755,-0.452805,-0.507141,0.108673
764.168575,-0.41658,-0.398468,0.090561
764.178758,-0.235458,-0.41658,0.054337
764.188872,-0.018112,-0.398468,-0.054337
764.199111,0.072449,-0.271683,0.018112
764.209157,0.072449,-0.16301,0.16301
764.219348,0.018112,-0.108673,0.235458
764.229477,-0.054337,-0.144897,0.181122
764.239606,-0.054337,-0.199234,0.16301
764.249758,0.090561,-0.199234,0.326019
764.259878,0.344131,-0.217346,0.362244
764.270031,0.434692,-0.217346,0.398468
764.280168,0.452805,-0.289795,0.380356
764.290317,0.452805,-0.344131,0.362244
764.300452,0.398468,-0.41658,0.307907
764.310581,0.344131,-0.507141,0.271683
764.320783,0.217346,-0.652039,0.181122
764.330925,0,-0.869385,0.036224
764.341028,-0.108673,-1.304077,-0.706375
764.351158,-0.489029,-2.300247,-2.300247
764.361324,-2.300247,-2.300247,-1.086731
764.369687,-2.300247,-2.300247,-0.760712
764.381751,-1.73877,-1.611984,-0.57959
764.391884,-0.633926,-1.050507,-0.760712
764.40206,-0.289795,-0.670151,-0.778824
764.411714,-0.018112,-0.633926,-0.706375
764.421435,0.054337,-0.688263,-0.796936
764.43158,0.126785,-0.83316,-0.869385
764.441613,0.452805,-1.793106,-0.724487
764.451861,0.543365,-2.300247,-0.597702
764.462641,-0.108673,-2.300247,-0.434692
764.472762,-0.778824,-1.521423,0.41658
764.4829,-0.108673,-0.83316,1.177292
764.493012,0.724487,-0.706375,1.032394
764.503169,0.887497,-0.615814,0.181122
764.513318,0.941833,-0.525253,-0.018112
764.523494,0.633926,-0.434692,0.41658
764.533639,0.362244,-0.543365,0.489029
764.543788,0.307907,-0.633926,0.380356
764.553972,0.289795,-0.815048,0.380356
764.564106,0.289795,-1.068619,0.380356
764.574344,0.289795,-1.448975,0.41658
764.584431,0.289795,-1.666321,0.41658
764.594567,0.271683,-1.82933,0.489029
764.604767,0.144897,-1.793106,0.489029
764.614935,-0.199234,-1.467087,0.470917
764.625114,-0.326019,-1.122955,0.470917
764.635277,-0.470917,-0.851273,0.41658
764.645381,-0.615814,-0.670151,0.362244
764.655524,-0.760712,-0.561478,0.289795
764.665681,-0.83316,-0.543365,0.217346
764.675795,-0.83316,-0.561478,0.018112
764.685852,-0.706375,-0.615814,-0.217346
764.696193,-0.507141,-0.670151,-0.380356
764.706328,-0.326019,-0.706375,-0.380356
764.716474,-0.344131,-0.851273,-0.181122
764.726772,-0.362244,-0.959946,0.018112
764.736788,-0.344131,-0.99617,0.181122
764.746938,-0.380356,-0.905609,0.362244
764.757063,-0.362244,-0.815048,0.344131
764.767264,-0.054337,-0.905609,-1.15918
764.777357,-0.018112,-1.104843,-1.249741
764.787499,-0.253571,-1.104843,-0.760712
764.797637,-0.434692,-0.99617,-0.362244
764.807775,-0.489029,-0.83316,0.126785
764.817918,-0.507141,-0.760712,0.561478
764.82811,-0.398468,-0.760712,0.597702
764.838245,-0.199234,-0.724487,0.344131
764.84838,-0.326019,-0.887497,0.036224
764.858519,-0.507141,-0.978058,-0.217346
764.868737,-0.57959,-0.978058,-0.144897
764.878798,-0.525253,-1.050507,0.036224
764.88893,-0.452805,-1.141068,0.271683
764.899095,-0.489029,-1.141068,0.344131
764.908762,-0.561478,-1.141068,0.344131
764.91845,-0.652039,-1.141068,0.307907
764.928625,-0.688263,-1.141068,0.253571
764.938662,-0.615814,-1.141068,0.16301
764.949544,-0.543365,-1.086731,-0.018112
764.959733,-0.706375,-1.014282,0.072449
764.969965,-0.778824,-0.905609,0.072449
764.97997,-0.869385,-1.068619,-0.036224
764.990093,-1.032394,-1.521423,-0.108673
764.999933,-1.122955,-1.666321,-0.144897
765.0105,-0.923721,-1.430862,-0.090561
765.020576,-0.398468,-1.249741,-0.271683
765.030735,-0.018112,-1.213516,-0.307907
765.040868,0.217346,-1.231628,-0.235458
765.050995,0.253571,-1.358414,0.108673
765.061127,0.16301,-1.485199,0.452805
765.071255,0.108673,-1.756882,0.362244
765.081419,0.181122,-2.227798,0.126785
765.091595,0.235458,-2.300247,-0.090561
765.101752,0.090561,-2.245911,-0.235458
765.111976,-0.144897,-2.191574,-0.344131
765.122293,-0.16301,-1.901779,-0.326019
765.132284,-0.072449,-1.521423,-0.199234
765.142144,-0.018112,-1.231628,0.072449
765.152646,0,-0.99617,0.326019
765.162729,-0.036224,-0.887497,0.344131
765.172838,-0.036224,-0.778824,0.543365
765.182968,-0.253571,-0.670151,0.344131
765.193109,-0.470917,-0.597702,0.090561
765.203278,-0.507141,-0.561478,-0.036224
765.213416,-0.543365,-0.489029,-0.036224
765.223564,-0.344131,-0.452805,-0.072449
765.233775,-0.144897,-0.362244,-0.090561
765.243965,0.036224,-0.344131,0
765.254089,0.126785,-0.289795,0.126785
765.264224,0.181122,-0.199234,0.199234
765.274356,0.199234,-0.126785,0.235458
765.284553,0.199234,-0.090561,0.253571
765.294711,0.217346,-0.072449,0.271683
765.304834,0.271683,-0.090561,0.271683
765.314984,0.344131,-0.108673,0.289795
765.325157,0.380356,-0.126785,0.253571
765.33536,0.362244,-0.181122,0.289795
765.345466,0.289795,-0.307907,0.326019
765.355594,0.181122,-0.434692,0.326019
765.365728,-0.018112,-0.615814,0.307907
765.375835,-0.271683,-0.887497,0.018112
765.386191,-0.470917,-1.720657,-1.82933
765.39633,-1.865555,-2.300247,-2.300247
765.405972,-2.300247,-2.264023,-0.253571
765.415673,-2.300247,-2.15535,-0.126785
765.425751,-1.15918,-1.811218,-0.742599
765.435969,-0.670151,-1.122955,-0.724487
765.446755,-0.380356,-0.724487,-0.670151
765.457006,-0.144897,-0.633926,-0.706375
765.467087,-0.054337,-0.688263,-0.652039
765.477244,0.181122,-0.742599,-0.633926
765.487478,0.344131,-0.99617,-0.670151
765.497508,0.507141,-1.919891,-0.452805
765.507646,0.326019,-2.300247,-0.289795
765.517849,-0.597702,-2.300247,0.144897
765.528103,-1.177292,-1.630096,0.633926
765.53826,-0.289795,-0.905609,1.014282
765.548385,0.561478,-0.724487,0.470917
765.558526,0.905609,-0.633926,-0.507141
765.568712,1.122955,-0.507141,-0.652039
765.578791,0.760712,-0.452805,0.326019
765.588926,0.434692,-0.525253,0.434692
765.59922,0.326019,-0.615814,0.380356
765.609236,0.271683,-0.778824,0.434692
765.619374,0.253571,-1.086731,0.543365
765.629518,0.271683,-1.684433,0.543365
765.639706,0.253571,-1.865555,0.57959
765.649835,0.16301,-1.82933,0.597702
765.659959,-0.036224,-1.684433,0.561478
765.670193,-0.181122,-1.485199,0.543365
765.680334,-0.289795,-1.177292,0.470917
765.69047,-0.398468,-0.887497,0.398468
765.700667,-0.525253,-0.706375,0.362244
765.71079,-0.670151,-0.615814,0.344131
765.720929,-0.742599,-0.633926,0.253571
765.731071,-0.742599,-0.670151,0.036224
765.741256,-0.652039,-0.688263,-0.217346
765.751381,-0.380356,-0.760712,-0.597702
765.76151,-0.235458,-0.688263,-0.41658
765.771651,-0.289795,-0.887497,-0.16301
765.781795,-0.362244,-1.068619,0.054337
765.791931,-0.398468,-0.978058,0.217346
765.802059,-0.362244,-0.83316,0.362244
765.812223,-0.108673,-0.742599,-0.543365
765.82234,0.181122,-0.905609,-0.978058
765.83249,0.054337,-1.068619,-0.851273
765.842716,-0.289795,-0.959946,-0.561478
765.852847,-0.470917,-0.869385,-0.235458
765.862965,-0.561478,-0.83316,0.271683
765.873106,-0.57959,-0.869385,0.633926
765.883256,-0.380356,-0.742599,0.57959
765.893398,-0.289795,-0.688263,0.362244
765.903536,-0.489029,-0.869385,0.090561
765.913341,-0.688263,-1.014282,-0.126785
765.923187,-0.724487,-0.99617,-0.181122
765.933096,-0.633926,-1.014282,-0.036224
765.944017,-0.507141,-1.086731,0.126785
765.953524,-0.452805,-1.195404,0.289795
765.96434,-0.489029,-1.213516,0.398468
765.974377,-0.597702,-1.177292,0.307907
765.984532,-0.543365,-1.177292,0.217346
765.994685,-0.489029,-1.15918,0.144897
766.004805,-0.489029,-1.122955,0.126785
766.01496,-0.633926,-1.068619,0.235458
766.025115,-0.742599,-0.959946,0.199234
766.035279,-0.905609,-1.068619,-0.072449
766.045475,-1.068619,-1.467087,-0.398468
766.055616,-0.959946,-1.648209,-0.543365
766.065762,-0.615814,-1.430862,-0.362244
766.075919,-0.344131,-1.249741,-0.144897
766.086203,-0.090561,-1.141068,-0.090561
766.096334,0.090561,-1.15918,-0.126785
766.106486,0.199234,-1.304077,-0.108673
766.116632,0.253571,-1.593872,0.108673
766.126636,0.181122,-1.938004,0.217346
766.137091,0.199234,-2.245911,0.16301
766.147068,0.217346,-2.264023,0
766.157226,-0.054337,-1.974228,-0.217346
766.167308,-0.235458,-1.956116,-0.489029
766.177432,-0.271683,-1.774994,-0.507141
766.187593,-0.181122,-1.557648,-0.307907
766.197716,-0.090561,-1.285965,0.090561
766.207866,-0.108673,-1.050507,0.217346
766.218007,-0.108673,-0.978058,0.380356
766.228155,-0.253571,-0.869385,0.326019
766.238288,-0.452805,-0.706375,0.126785
766.248479,-0.489029,-0.615814,0.054337
766.258611,-0.489029,-0.543365,0.036224
766.268835,-0.398468,-0.452805,0.090561
766.278573,-0.199234,-0.434692,0.144897
766.289102,-0.036224,-0.380356,0.126785
766.299182,0.108673,-0.289795,0.307907
766.309287,0.126785,-0.16301,0.253571
766.319431,-0.054337,-0.181122,0.126785
766.329572,-0.018112,-0.199234,0.090561
766.339711,0.090561,-0.217346,0.16301
766.349998,0.235458,-0.235458,0.199234
766.360022,0.362244,-0.199234,0.217346
766.370221,0.380356,-0.144897,0.271683
766.380295,0.380356,-0.16301,0.253571
766.390432,0.362244,-0.217346,0.217346
766.400578,0.289795,-0.271683,0.199234
766.410279,0.217346,-0.362244,0.199234
766.419961,0.108673,-0.489029,0.199234
766.430132,-0.036224,-0.688263,0.16301
766.440172,-0.144897,-0.978058,-0.199234
766.451032,-0.362244,-1.756882,-1.82933
766.461269,-2.264023,-2.300247,-2.101013
766.471425,-2.300247,-2.300247,-0.525253
766.481545,-2.209686,-2.209686,-0.724487
766.491741,-0.869385,-1.213516,-0.923721
766.50185,-0.507141,-0.561478,-0.923721
766.511987,-0.344131,-0.41658,-0.796936
766.522137,-0.199234,-0.561478,-0.742599
766.532277,-0.036224,-0.724487,-0.670151
766.542408,0.289795,-1.050507,-0.597702
766.552615,0.851273,-2.028564,-0.344131
766.562754,0.742599,-2.300247,-0.235458
766.572868,-0.217346,-2.101013,-0.090561
766.583073,-0.941833,-1.376526,0.670151
766.593187,-0.362244,-0.99617,0.99617
766.603348,0.144897,-1.050507,0.615814
766.613492,0.489029,-0.923721,-0.126785
766.623635,0.815048,-0.760712,-0.525253
766.633792,0.815048,-0.597702,0.181122
766.643982,0.525253,-0.489029,0.344131
766.654209,0.362244,-0.615814,0.362244
766.6643,0.235458,-0.905609,0.434692
766.674411,0.235458,-1.304077,0.489029
766.684567,0.253571,-1.666321,0.489029
766.694741,0.326019,-1.73877,0.470917
766.704284,0.307907,-1.73877,0.489029
766.715053,0.16301,-1.756882,0.525253
766.72519,-0.054337,-1.666321,0.57959
766.735333,-0.199234,-1.358414,0.489029
766.745458,-0.326019,-1.068619,0.41658
766.755637,-0.470917,-0.887497,0.41658
766.765783,-0.633926,-0.742599,0.398468
766.775839,-0.83316,-0.652039,0.307907
766.786208,-0.905609,-0.633926,0.072449
766.796333,-0.851273,-0.652039,-0.199234
766.806475,-0.670151,-0.615814,-0.489029
766.816614,-0.398468,-0.597702,-0.489029
766.826771,-0.398468,-0.742599,-0.217346
766.836915,-0.452805,-0.99617,-0.090561
766.847055,-0.489029,-1.122955,0.090561
766.857252,-0.489029,-0.978058,0.199234
766.867385,-0.434692,-0.815048,0.289795
766.87749,-0.144897,-0.652039,-0.561478
766.887649,0.181122,-0.742599,-1.068619
766.897781,0.072449,-0.978058,-0.905609
766.907461,-0.307907,-0.99617,-0.615814
766.917293,-0.452805,-0.869385,-0.108673
766.927365,-0.615814,-0.742599,0.597702
766.937401,-0.470917,-0.869385,0.778824
766.948214,-0.307907,-0.815048,0.57959
766.958424,-0.271683,-0.724487,0.253571
766.968503,-0.507141,-0.83316,-0.108673
766.978645,-0.652039,-1.032394,-0.326019
766.988761,-0.561478,-1.141068,-0.181122
766.998895,-0.452805,-1.104843,0.362244
767.009048,-0.525253,-1.086731,0.525253
767.019179,-0.615814,-1.104843,0.507141
767.029335,-0.633926,-1.15918,0.41658
767.039471,-0.57959,-1.177292,0.253571
767.049629,-0.41658,-1.141068,0.090561
767.059823,-0.380356,-1.141068,-0.018112
767.070003,-0.543365,-1.104843,0.054337
767.08007,-0.742599,-1.014282,0.181122
767.090209,-0.796936,-0.941833,0.199234
767.100591,-0.99617,-1.213516,-0.036224
767.110727,-1.141068,-1.539536,-0.16301
767.120871,-1.068619,-1.539536,-0.16301
767.130969,-0.652039,-1.249741,-0.235458
767.141274,-0.271683,-1.122955,-0.199234
767.151348,-0.036224,-1.15918,-0.144897
767.161548,0.126785,-1.213516,-0.181122
767.171719,0.16301,-1.41275,-0.16301
767.181777,0.144897,-1.702545,0.054337
767.191885,0.072449,-2.046677,0.235458
767.202069,0.16301,-2.264023,0.217346
767.212206,0.217346,-2.15535,0.090561
767.22242,0.090561,-1.956116,-0.054337
767.23254,-0.126785,-2.046677,-0.235458
767.242716,-0.217346,-1.811218,-0.289795
767.252853,-0.217346,-1.503311,-0.181122
767.263028,-0.16301,-1.213516,0.072449
767.273149,-0.144897,-0.941833,0.235458
767.283286,-0.126785,-0.796936,0.344131
767.29347,-0.181122,-0.706375,0.434692
767.303609,-0.362244,-0.633926,0.235458
767.313748,-0.41658,-0.543365,-0.036224
767.323942,-0.344131,-0.489029,0.054337
767.334084,-0.217346,-0.362244,0.054337
767.344236,0.126785,-0.344131,0.108673
767.354363,0.199234,-0.326019,0.108673
767.36455,0.181122,-0.235458,0.16301
767.374712,0.108673,-0.16301,0.217346
767.384822,0.054337,-0.144897,0.235458
767.394963,0.036224,-0.16301,0.199234
767.404787,0.108673,-0.217346,0.199234
767.414603,0.217346,-0.235458,0.253571
767.42466,0.307907,-0.235458,0.271683
767.434695,0.380356,-0.217346,0.307907
767.445528,0.398468,-0.271683,0.253571
767.455814,0.380356,-0.362244,0.235458
767.465957,0.289795,-0.434692,0.235458
767.476208,0.126785,-0.525253,0.199234
767.486346,-0.181122,-0.670151,0.108673
767.496478,-0.507141,-0.959946,-0.307907
767.506614,-0.869385,-1.938004,-1.883667
767.516757,-2.300247,-2.300247,-1.99234
767.526941,-2.300247,-2.300247,-0.344131
767.53712,-1.847443,-1.956116,-0.489029
767.547224,-1.104843,-1.304077,-0.83316
767.55736,-0.760712,-0.778824,-0.815048
767.567534,-0.41658,-0.57959,-0.83316
767.577658,-0.108673,-0.652039,-0.851273
767.587792,0.036224,-0.83316,-0.815048
767.597913,0.289795,-1.648209,-0.597702
767.608072,0.452805,-2.300247,-0.253571
767.618256,0.126785,-2.300247,-0.181122
767.628448,-1.032394,-1.648209,0.706375
767.638563,-0.760712,-0.99617,0.887497
767.648686,0.452805,-0.57959,0.905609
767.658811,1.086731,-0.470917,-0.869385
767.668982,1.376526,-0.507141,-0.036224
767.679113,0.597702,-0.452805,0.597702
767.689256,0.398468,-0.525253,0.452805
767.699434,0.362244,-0.670151,0.507141
767.709534,0.307907,-0.99617,0.561478
767.719671,0.253571,-1.41275,0.561478
767.729806,0.307907,-1.57576,0.543365
767.739966,0.289795,-1.593872,0.452805
767.750102,0.253571,-1.756882,0.398468
767.760233,0.16301,-1.793106,0.362244
767.770426,0.036224,-1.720657,0.380356
767.780556,-0.16301,-1.485199,0.452805
767.790686,-0.253571,-1.122955,0.525253
767.80083,-0.398468,-0.869385,0.561478
767.810968,-0.57959,-0.688263,0.543365
767.821098,-0.742599,-0.57959,0.452805
767.831249,-0.851273,-0.57959,0.307907
767.841392,-0.815048,-0.615814,-0.018112
767.851534,-0.724487,-0.815048,-0.289795
767.861672,-0.561478,-0.796936,-0.507141
767.871938,-0.362244,-0.706375,-0.344131
767.882004,-0.434692,-0.941833,-0.199234
767.892132,-0.452805,-1.086731,-0.108673
767.902249,-0.380356,-0.923721,0.126785
767.911995,-0.344131,-0.724487,0.289795
767.922052,-0.380356,-0.561478,0.452805
767.931807,-0.344131,-0.597702,0.380356
767.942712,0.090561,-1.014282,-1.99234
767.952926,-0.126785,-1.195404,-1.73877
767.963059,-0.362244,-1.15918,-0.57959
767.973121,-0.398468,-0.923721,0.57959
767.983256,-0.452805,-0.778824,1.104843
767.993387,-0.362244,-0.724487,0.851273
768.003524,-0.470917,-0.706375,0.525253
768.013665,-0.633926,-0.887497,-0.271683
768.023819,-0.778824,-1.086731,-0.41658
768.034005,-0.597702,-1.122955,-0.108673
768.044177,-0.489029,-1.122955,0.253571
768.054305,-0.561478,-1.068619,0.507141
768.064434,-0.633926,-1.014282,0.525253
768.074674,-0.670151,-1.050507,0.380356
768.084785,-0.688263,-1.177292,0.16301
768.094903,-0.633926,-1.195404,0.018112
768.105056,-0.525253,-1.104843,-0.036224
768.115243,-0.57959,-1.050507,0.090561
768.125346,-0.615814,-0.959946,0.217346
768.135545,-0.652039,-0.959946,0.108673
768.145692,-0.941833,-1.394638,-0.090561
768.155839,-1.195404,-1.684433,-0.271683
768.16587,-0.99617,-1.557648,-0.307907
768.176243,-0.543365,-1.340302,-0.253571
768.186357,-0.126785,-1.304077,-0.235458
768.196482,0.16301,-1.340302,-0.181122
768.206617,0.235458,-1.448975,-0.072449
768.216748,0.235458,-1.630096,0.181122
768.2269,0.108673,-1.901779,0.307907
768.237055,0.181122,-2.245911,0.181122
768.247234,0.253571,-2.300247,-0.036224
768.257344,0.16301,-2.300247,-0.144897
768.267518,-0.072449,-2.300247,-0.271683
768.277669,-0.217346,-2.064789,-0.307907
768.287823,-0.181122,-1.666321,-0.199234
768.297972,-0.144897,-1.394638,-0.036224
768.30811,-0.054337,-1.050507,0.181122
768.318231,-0.018112,-0.83316,0.307907
768.328481,-0.16301,-0.724487,0.57959
768.338509,-0.362244,-0.633926,0.525253
768.348649,-0.543365,-0.507141,0.054337
768.358796,-0.597702,-0.380356,0.090561
768.368922,-0.326019,-0.362244,-0.036224
768.379111,-0.072449,-0.326019,-0.018112
768.389243,0.108673,-0.289795,0.090561
768.399438,0.144897,-0.235458,0.217346
768.40907,0.108673,-0.108673,0.307907
768.418736,0.126785,-0.072449,0.253571
768.428913,0.181122,-0.108673,0.199234
768.438956,0.235458,-0.108673,0.217346
768.449894,0.326019,-0.090561,0.271683
768.459426,0.398468,-0.072449,0.289795
768.470504,0.452805,-0.072449,0.307907
768.480243,0.434692,-0.072449,0.289795
768.490357,0.362244,-0.126785,0.253571
768.500466,0.289795,-0.181122,0.217346
768.510596,0.235458,-0.289795,0.181122
768.520734,0.181122,-0.470917,0.181122
768.530884,0.036224,-0.83316,-0.072449
768.541025,0.018112,-1.285965,-1.050507
768.551176,-0.525253,-2.300247,-2.300247
768.561357,-2.300247,-2.300247,-0.851273
768.57219,-2.300247,-2.300247,-0.489029
768.581798,-1.974228,-1.774994,-0.543365
768.591906,-0.978058,-0.760712,-0.724487
768.602033,-0.452805,-0.307907,-0.959946
768.612179,-0.108673,-0.380356,-0.815048
768.620153,-0.018112,-0.57959,-0.615814
768.630281,0.090561,-0.615814,-0.452805
768.640434,0.289795,-0.887497,-0.670151
768.650604,0.344131,-1.883667,-0.615814
768.660744,-0.289795,-2.300247,-0.543365
768.671124,-1.050507,-2.227798,0.018112
768.681111,-0.941833,-1.086731,0.706375
768.691222,0.181122,-1.086731,0.434692
768.701364,0.923721,-0.543365,0.072449
768.711508,0.887497,-0.271683,0.57959
768.721645,0.41658,-0.362244,0.796936
768.731846,0.271683,-0.670151,0.543365
768.741995,0.235458,-0.978058,0.398468
768.752141,0.199234,-1.195404,0.344131
768.762274,0.181122,-1.593872,0.362244
768.77241,0.326019,-1.901779,0.380356
768.78264,0.41658,-1.901779,0.434692
768.792761,0.41658,-1.847443,0.470917
768.802901,0.307907,-1.702545,0.434692
768.813083,0.16301,-1.448975,0.398468
768.823268,0.036224,-1.177292,0.434692
768.833338,-0.126785,-0.99617,0.470917
768.843507,-0.235458,-0.869385,0.452805
768.853566,-0.398468,-0.796936,0.543365
768.86363,-0.57959,-0.851273,0.434692
768.873683,-0.760712,-0.887497,0.199234
768.884078,-0.815048,-0.796936,-0.108673
768.894209,-0.742599,-0.670151,-0.470917
768.9038,-0.489029,-0.597702,-0.652039
768.9136,-0.398468,-0.724487,-0.217346
768.923728,-0.452805,-0.83316,-0.018112
768.933802,-0.507141,-0.923721,0.090561
768.944599,-0.470917,-0.941833,0.16301
768.954766,-0.452805,-0.815048,0.235458
768.965,-0.434692,-0.706375,0.181122
768.975099,-0.036224,-0.760712,-1.231628
768.985262,0.054337,-0.923721,-1.285965
768.995374,-0.253571,-1.086731,-0.796936
769.005486,-0.489029,-1.032394,-0.597702
769.015628,-0.742599,-0.796936,0.16301
769.025762,-0.869385,-0.760712,0.959946
769.035913,-0.688263,-0.778824,0.905609
769.04605,-0.434692,-0.652039,-0.054337
769.056192,-0.489029,-1.032394,-0.344131
769.066327,-0.706375,-1.104843,-0.217346
769.076476,-0.615814,-1.032394,0.036224
769.086682,-0.470917,-1.014282,0.217346
769.09698,-0.362244,-1.086731,0.344131
769.106951,-0.362244,-1.15918,0.326019
769.117083,-0.398468,-1.195404,0.307907
769.127334,-0.434692,-1.231628,0.271683
769.137422,-0.380356,-1.249741,0.235458
769.147389,-0.271683,-1.177292,0.16301
769.157671,-0.235458,-1.086731,0.054337
769.167769,-0.41658,-1.014282,0.036224
769.177893,-0.724487,-1.014282,0.181122
769.188086,-0.869385,-0.959946,0.090561
769.198287,-0.99617,-1.141068,-0.108673
769.208342,-1.195404,-1.448975,-0.253571
769.218467,-1.141068,-1.557648,-0.271683
769.22861,-0.742599,-1.376526,-0.271683
769.238754,-0.307907,-1.358414,-0.271683
769.248887,0.072449,-1.304077,-0.307907
769.259331,0.253571,-1.322189,-0.199234
769.269194,0.289795,-1.485199,0.108673
769.279342,0.144897,-1.702545,0.41658
769.28952,0.054337,-1.99234,0.344131
769.300225,0.090561,-2.264023,0.199234
769.309373,-0.018112,-2.264023,0.072449
769.319019,-0.199234,-2.245911,-0.217346
769.329106,-0.307907,-1.99234,-0.452805
769.340167,-0.253571,-1.720657,-0.362244
769.350254,-0.090561,-1.485199,-0.16301
769.360378,0.054337,-1.267853,0.018112
769.370508,0.108673,-1.014282,0.199234
769.380654,0.054337,-0.851273,0.326019
769.390872,-0.036224,-0.760712,0.398468
769.400974,-0.090561,-0.57959,0.326019
769.410707,-0.344131,-0.543365,0.126785
769.420914,-0.452805,-0.398468,0.018112
769.430548,-0.452805,-0.362244,-0.018112
769.440584,-0.307907,-0.434692,-0.018112
769.451108,-0.144897,-0.41658,-0.018112
769.461722,-0.054337,-0.344131,0.126785
769.471904,0.054337,-0.217346,0.253571
769.481974,0.090561,-0.126785,0.271683
769.492158,0.144897,-0.108673,0.235458
769.502271,0.217346,-0.108673,0.16301
769.512414,0.307907,-0.090561,0.144897
769.522564,0.362244,-0.072449,0.217346
769.532679,0.398468,-0.072449,0.289795
769.542848,0.380356,-0.054337,0.326019
769.553019,0.362244,-0.054337,0.289795
769.563155,0.326019,-0.108673,0.307907
769.573386,0.217346,-0.235458,0.307907
769.58351,0.072449,-0.489029,0.235458
769.59363,-0.072449,-0.923721,0.054337
769.603709,-0.16301,-1.557648,-1.394638
769.61405,-1.267853,-2.300247,-2.300247
769.624236,-2.300247,-2.300247,-0.869385
769.634341,-2.300247,-2.245911,-0.289795
769.644534,-1.104843,-1.448975,-0.670151
769.654642,-0.525253,-0.83316,-0.796936
769.664825,-0.235458,-0.543365,-0.760712
769.674943,-0.036224,-0.57959,-0.57959
769.685082,0.054337,-0.633926,-0.489029
769.695257,0.271683,-0.525253,-0.670151
769.705392,0.561478,-0.99617,-0.959946
769.715522,0.869385,-2.300247,-0.887497
769.725853,0.108673,-2.300247,-1.322189
769.73586,-1.322189,-2.300247,0.959946
769.746002,-0.99617,-0.815048,1.41275
769.756133,1.141068,-0.41658,0.362244
769.766252,1.304077,-0.181122,0.072449
769.776394,0.905609,-0.16301,0.652039
769.786544,0.41658,-0.253571,0.83316
769.796727,0.307907,-0.398468,0.615814
769.806859,0.253571,-0.742599,0.452805
769.816988,0.235458,-1.15918,0.489029
769.827125,0.199234,-1.630096,0.489029
769.837254,0.344131,-1.901779,0.41658
769.847401,0.470917,-1.919891,0.41658
769.857535,0.507141,-1.82933,0.470917
769.867691,0.434692,-1.666321,0.489029
769.877813,0.271683,-1.467087,0.470917
769.887959,0.108673,-1.15918,0.470917
769.898162,-0.072449,-0.978058,0.380356
769.907801,-0.16301,-0.796936,0.307907
769.917481,-0.326019,-0.706375,0.307907
769.927661,-0.489029,-0.706375,0.289795
769.937701,-0.670151,-0.724487,0.199234
769.948613,-0.851273,-0.706375,0.126785
769.958423,-0.815048,-0.724487,-0.108673
769.96902,-0.688263,-0.760712,-0.307907
769.979031,-0.57959,-0.778824,-0.326019
769.989148,-0.507141,-0.851273,-0.144897
769.999337,-0.489029,-0.959946,0.054337
770.009462,-0.434692,-0.941833,0.199234
770.019603,-0.41658,-0.869385,0.307907
770.029732,-0.470917,-0.760712,0.434692
770.039865,-0.41658,-0.742599,0.199234
770.050003,-0.326019,-0.941833,-2.300247
770.06015,-0.434692,-1.104843,-1.539536
770.070307,-0.615814,-1.267853,-0.181122
770.080459,-0.489029,-0.99617,0.543365
770.090599,-0.489029,-0.688263,0.706375
770.100786,-0.452805,-0.815048,-0.054337
770.110935,-0.470917,-0.941833,-0.724487
770.121069,-0.525253,-1.014282,-0.57959
770.13071,-0.615814,-1.032394,-0.036224
770.141509,-0.597702,-1.068619,0.452805
770.151504,-0.507141,-1.086731,0.561478
770.161651,-0.41658,-1.068619,0.507141
770.17181,-0.362244,-1.086731,0.434692
770.181983,-0.307907,-1.122955,0.217346
770.19211,-0.307907,-1.249741,0.126785
770.202275,-0.398468,-1.249741,0.16301
770.212422,-0.452805,-1.15918,0.144897
770.222576,-0.525253,-0.99617,0.16301
770.232694,-0.597702,-0.941833,0.108673
770.24284,-0.688263,-0.959946,0.054337
770.253022,-0.633926,-0.99617,0.090561
770.263155,-0.724487,-1.358414,0.054337
770.273371,-0.941833,-1.684433,-0.054337
770.283448,-0.941833,-1.611984,-0.054337
770.293617,-0.760712,-1.394638,-0.090561
770.303724,-0.307907,-1.267853,-0.235458
770.314053,0.072449,-1.231628,-0.307907
770.324198,0.271683,-1.304077,-0.108673
770.334313,0.289795,-1.467087,0.217346
770.344456,0.16301,-1.73877,0.344131
770.354641,0.108673,-2.046677,0.199234
770.364801,0.181122,-2.300247,0
770.374926,0.108673,-2.300247,-0.16301
770.385101,-0.144897,-2.15535,-0.181122
770.395226,-0.289795,-2.082901,-0.235458
770.404862,-0.217346,-1.847443,-0.181122
770.414588,-0.144897,-1.539536,-0.072449
770.42476,-0.090561,-1.267853,0.16301
770.434766,-0.108673,-0.99617,0.344131
770.445596,-0.199234,-0.706375,0.507141
770.45579,-0.362244,-0.652039,0.326019
770.465991,-0.41658,-0.597702,0.199234
770.476102,-0.344131,-0.507141,0.235458
770.486218,-0.235458,-0.434692,0.126785
770.496347,-0.072449,-0.344131,-0.018112
770.506534,0.090561,-0.307907,-0.036224
770.516665,0.108673,-0.253571,0.054337
770.526914,0.072449,-0.144897,0.16301
770.53692,0.072449,-0.018112,0.199234
770.547067,0.126785,-0.018112,0.235458
770.557212,0.235458,-0.054337,0.271683
770.567334,0.362244,-0.072449,0.289795
770.577486,0.452805,-0.090561,0.344131
770.587634,0.507141,-0.108673,0.362244
770.597889,0.525253,-0.108673,0.398468
770.607962,0.489029,-0.108673,0.344131
770.618094,0.41658,-0.16301,0.307907
770.628212,0.326019,-0.235458,0.253571
770.638357,0.235458,-0.326019,0.235458
770.648498,0.072449,-0.57959,0.126785
770.658641,-0.108673,-0.99617,-0.326019
770.668783,-0.271683,-1.756882,-2.137238
770.67894,-2.082901,-2.300247,-1.865555
770.689088,-2.300247,-2.300247,-0.706375
770.699278,-2.300247,-2.191574,-0.271683
770.709429,-0.941833,-1.322189,-0.670151
770.719564,-0.41658,-0.815048,-0.83316
770.729691,-0.217346,-0.543365,-0.851273
770.739839,-0.018112,-0.57959,-0.742599
770.74997,0.144897,-0.652039,-0.760712
770.760108,0.380356,-1.322189,-0.742599
770.770244,0.507141,-2.300247,-0.543365
770.780557,0.41658,-2.300247,-0.181122
770.7906,-0.99617,-1.648209,0.851273
770.800734,-0.018112,-1.068619,1.249741
770.810926,0.652039,-0.633926,0.41658
770.821055,0.941833,-0.380356,-0.326019
770.831194,0.887497,-0.271683,0.090561
770.841351,0.525253,-0.326019,0.452805
770.851479,0.344131,-0.489029,0.326019
770.861644,0.271683,-0.561478,0.271683
770.87183,0.217346,-0.706375,0.398468
770.881987,0.235458,-1.285965,0.452805
770.89214,0.326019,-1.684433,0.525253
770.902298,0.41658,-1.774994,0.57959
770.912056,0.41658,-1.73877,0.561478
770.921783,0.307907,-1.666321,0.543365
770.93183,0.090561,-1.503311,0.57959
770.942691,-0.054337,-1.231628,0.57959
770.952698,-0.16301,-0.941833,0.507141
770.963029,-0.271683,-0.706375,0.470917
770.973203,-0.41658,-0.597702,0.434692
770.983262,-0.561478,-0.525253,0.362244
770.993405,-0.633926,-0.543365,0.253571
771.003539,-0.706375,-0.615814,0.108673
771.013667,-0.633926,-0.724487,-0.181122
771.023728,-0.525253,-0.796936,-0.434692
771.034054,-0.380356,-0.796936,-0.434692
771.044189,-0.398468,-0.83316,-0.126785
771.054375,-0.380356,-0.905609,0.108673
771.064496,-0.380356,-0.978058,0.199234
771.074702,-0.398468,-1.014282,0.307907
771.08478,-0.380356,-1.032394,0.199234
771.094918,-0.235458,-1.104843,-1.557648
771.105051,-0.271683,-1.249741,-1.793106
771.115247,-0.525253,-1.267853,-0.597702
771.125369,-0.507141,-0.796936,0.905609
771.135551,-0.543365,-0.742599,1.032394
771.145662,-0.398468,-0.615814,0.670151
771.155565,-0.307907,-0.778824,0.199234
771.166002,-0.398468,-0.959946,-0.344131
771.176119,-0.470917,-1.104843,-0.57959
771.186256,-0.525253,-1.141068,-0.199234
771.196391,-0.525253,-1.122955,0.271683
771.206532,-0.452805,-1.104843,0.525253
771.216749,-0.452805,-1.086731,0.489029
771.226871,-0.398468,-1.068619,0.307907
771.236993,-0.362244,-1.104843,0.16301
771.247138,-0.398468,-1.122955,0.144897
771.257263,-0.470917,-1.122955,0.181122
771.267395,-0.543365,-1.032394,0.271683
771.277072,-0.652039,-0.99617,0.344131
771.287751,-0.688263,-0.978058,0.380356
771.297842,-0.724487,-1.068619,0.199234
771.307966,-0.923721,-1.539536,-0.072449
771.318128,-1.032394,-1.811218,-0.344131
771.328396,-0.724487,-1.684433,-0.525253
771.3384,-0.362244,-1.430862,-0.253571
771.348614,-0.181122,-1.267853,-0.036224
771.35867,-0.054337,-1.213516,-0.108673
771.368813,0.054337,-1.267853,-0.199234
771.378944,0.144897,-1.41275,0.054337
771.389099,0.144897,-1.630096,0.253571
771.399235,0.126785,-1.938004,0.199234
771.408975,0.181122,-2.209686,0.090561
771.4187,0.181122,-2.300247,-0.144897
771.428803,0.018112,-2.101013,-0.362244
771.43934,-0.090561,-1.865555,-0.434692
771.449721,-0.108673,-1.684433,-0.307907
771.45979,-0.072449,-1.557648,-0.090561
771.470071,-0.018112,-1.285965,0.326019
771.480169,0.036224,-0.869385,0.452805
771.490309,-0.036224,-0.760712,0.452805
771.50045,-0.235458,-0.615814,0.16301
771.510599,-0.326019,-0.470917,0.144897
771.520789,-0.380356,-0.398468,0.181122
771.530921,-0.380356,-0.326019,0.16301
771.541065,-0.289795,-0.362244,0.072449
771.551204,-0.181122,-0.362244,0.090561
771.561349,-0.090561,-0.344131,0.144897
771.571488,-0.072449,-0.307907,0.235458
771.581658,-0.090561,-0.217346,0.217346
771.591846,-0.072449,-0.217346,0.253571
771.602017,0.018112,-0.253571,0.235458
771.612147,0.253571,-0.271683,0.217346
771.622318,0.398468,-0.253571,0.253571
771.632474,0.470917,-0.235458,0.289795
771.642623,0.489029,-0.217346,0.271683
771.652742,0.489029,-0.199234,0.271683
771.662877,0.434692,-0.217346,0.253571
771.673029,0.41658,-0.289795,0.181122
771.683166,0.344131,-0.380356,0.16301
771.693305,0.217346,-0.525253,0.036224
771.703459,0.036224,-0.760712,-0.217346
771.713585,-0.126785,-1.141068,-1.467087
771.723715,-0.959946,-1.919891,-2.209686
771.734053,-2.300247,-2.300247,-0.923721
771.744178,-2.300247,-2.300247,-0.742599
771.754364,-1.267853,-1.919891,-0.778824
771.764496,-0.344131,-0.99617,-0.815048
771.774687,-0.036224,-0.507141,-0.778824
771.784756,-0.108673,-0.489029,-0.742599
771.794902,-0.036224,-0.489029,-0.633926
771.805053,0.235458,-0.742599,-0.796936
771.815192,0.724487,-2.300247,-1.104843
771.825475,-0.199234,-2.300247,-0.760712
771.835535,-1.014282,-1.901779,0.525253
771.845671,-0.344131,-0.941833,1.285965
771.855801,0.489029,-0.597702,1.014282
771.865923,0.83316,-0.326019,0.307907
771.876175,0.869385,-0.181122,0.289795
771.886218,0.57959,-0.235458,0.633926
771.896362,0.362244,-0.41658,0.507141
771.906,0.271683,-0.615814,0.344131
771.915745,0.271683,-0.83316,0.362244
771.925914,0.16301,-1.213516,0.398468
771.935959,0.16301,-1.648209,0.41658
771.94678,0.271683,-1.811218,0.452805
771.956955,0.289795,-1.883667,0.561478
771.967311,0.235458,-1.919891,0.633926
771.977337,0.054337,-1.756882,0.597702
771.987454,-0.108673,-1.394638,0.597702
771.997593,-0.253571,-1.032394,0.525253
772.00774,-0.398468,-0.815048,0.489029
772.017991,-0.543365,-0.688263,0.380356
772.028068,-0.633926,-0.597702,0.253571
772.038179,-0.670151,-0.597702,0.072449
772.048309,-0.652039,-0.633926,-0.16301
772.058453,-0.525253,-0.706375,-0.380356
772.068582,-0.253571,-0.688263,-0.470917
772.078719,-0.253571,-0.724487,-0.271683
772.088864,-0.326019,-0.905609,-0.090561
772.099174,-0.344131,-1.050507,0.018112
772.109161,-0.307907,-1.032394,0.144897
772.119289,-0.307907,-0.905609,0.235458
772.129608,-0.326019,-0.796936,0.326019
772.139763,-0.326019,-0.760712,-0.018112
772.149213,-0.054337,-0.923721,-1.720657
772.159944,-0.217346,-1.15918,-0.597702
772.170121,-0.470917,-0.978058,0.344131
772.180147,-0.597702,-0.796936,1.086731
772.190268,-0.724487,-0.742599,1.195404
772.200436,-0.525253,-0.57959,0.633926
772.210574,-0.543365,-0.760712,0.018112
772.220714,-0.633926,-1.032394,-0.507141
772.230917,-0.633926,-1.104843,-0.452805
772.241055,-0.615814,-1.050507,-0.072449
772.2512,-0.543365,-1.014282,0.326019
772.261329,-0.507141,-1.032394,0.434692
772.271472,-0.41658,-1.068619,0.289795
772.281657,-0.344131,-1.122955,0.16301
772.291847,-0.235458,-1.213516,0.16301
772.301999,-0.217346,-1.285965,0.235458
772.312127,-0.271683,-1.195404,0.253571
772.322292,-0.307907,-1.032394,0.16301
772.332447,-0.41658,-0.978058,0.090561
772.342611,-0.561478,-0.978058,0.144897
772.352711,-0.670151,-1.014282,0.199234
772.362862,-0.796936,-1.267853,0.126785
772.373021,-0.99617,-1.521423,-0.054337
772.383157,-1.141068,-1.593872,-0.253571
772.393281,-0.941833,-1.430862,-0.235458
772.402896,-0.525253,-1.213516,-0.16301
772.412825,-0.199234,-1.177292,-0.126785
772.422975,-0.018112,-1.104843,-0.126785
772.433025,0.072449,-1.195404,0.018112
772.444062,0.054337,-1.41275,0.307907
772.454233,-0.036224,-1.720657,0.398468
772.464437,0,-2.082901,0.289795
772.474491,-0.036224,-2.245911,0.108673
772.484746,-0.16301,-2.15535,-0.108673
772.494761,-0.307907,-2.227798,-0.307907
772.504914,-0.326019,-1.73877,-0.344131
772.515037,-0.108673,-1.467087,-0.108673
772.525166,-0.036224,-1.195404,0.16301
772.535353,0.018112,-0.99617,0.235458
772.545481,0.072449,-0.851273,0.507141
772.555595,-0.054337,-0.742599,0.543365
772.565723,-0.307907,-0.652039,0.235458
772.575936,-0.326019,-0.561478,0.181122
772.586015,-0.380356,-0.543365,0.16301
772.59615,-0.362244,-0.470917,0.16301
772.606309,-0.181122,-0.452805,0.126785
772.616438,-0.018112,-0.398468,0.090561
772.626578,0.108673,-0.307907,0.144897
772.636777,0.108673,-0.271683,0.217346
772.646908,0.036224,-0.217346,0.271683
772.65704,-0.054337,-0.199234,0.253571
772.667187,-0.018112,-0.235458,0.235458
772.677413,0.16301,-0.289795,0.235458
772.687462,0.344131,-0.307907,0.271683
772.697704,0.434692,-0.289795,0.307907
772.707749,0.489029,-0.271683,0.326019
772.717886,0.489029,-0.271683,0.307907
772.72829,0.470917,-0.307907,0.235458
772.738173,0.452805,-0.307907,0.217346
772.748279,0.41658,-0.362244,0.181122
772.758402,0.344131,-0.434692,0.144897
772.768545,0.253571,-0.57959,0.054337
772.778681,0.108673,-0.83316,-0.253571
772.788831,-0.126785,-1.231628,-1.358414
772.798972,-0.796936,-2.082901,-2.064789
772.809157,-2.300247,-2.300247,-1.177292
772.819301,-2.300247,-2.300247,-1.122955
772.829464,-1.539536,-1.793106,-0.452805
772.839645,-0.253571,-1.086731,-0.543365
772.849759,-0.126785,-0.489029,-0.706375
772.859889,-0.090561,-0.688263,-0.652039
772.870033,-0.018112,-0.470917,-0.633926
772.880159,-0.16301,-0.41658,-0.670151
772.890295,-0.090561,-1.231628,-0.525253
772.900442,-0.16301,-2.300247,-0.16301
772.910194,-0.670151,-2.300247,0.307907
772.91989,-0.760712,-1.648209,0.905609
772.929992,-0.235458,-0.905609,0.978058
772.940855,0.398468,-0.978058,0.126785
772.950837,0.615814,-0.905609,-0.452805
772.961249,0.887497,-0.652039,-0.470917
772.971353,0.652039,-0.434692,0.344131
772.98146,0.362244,-0.507141,0.41658
772.991603,0.253571,-0.652039,0.344131
773.001791,0.217346,-0.796936,0.41658
773.011931,0.235458,-1.15918,0.507141
773.022091,0.235458,-1.376526,0.452805
773.032207,0.289795,-1.57576,0.507141
773.042442,0.307907,-1.684433,0.597702
773.052596,0.235458,-1.684433,0.57959
773.062703,0.108673,-1.521423,0.525253
773.072897,0.018112,-1.322189,0.489029
773.083488,-0.108673,-1.086731,0.452805
773.093166,-0.253571,-0.887497,0.380356
773.103297,-0.344131,-0.742599,0.289795
773.113458,-0.470917,-0.724487,0.289795
773.123585,-0.57959,-0.706375,0.217346
773.133174,-0.57959,-0.724487,-0.018112
773.143937,-0.507141,-0.742599,-0.525253
773.154058,-0.253571,-0.670151,-0.633926
773.16425,-0.344131,-0.742599,-0.16301
773.17436,-0.380356,-0.941833,0.126785
773.184477,-0.380356,-0.978058,0.253571
773.194591,-0.271683,-1.032394,-0.597702
773.204732,0.054337,-1.014282,-0.615814
773.214883,-0.108673,-0.959946,-0.434692
773.225038,-0.217346,-0.83316,-0.398468
773.23516,-0.362244,-0.760712,-0.398468
773.245358,-0.57959,-0.869385,-0.326019
773.255489,-0.760712,-0.99617,-0.036224
773.265627,-0.760712,-0.978058,0.434692
773.275753,-0.57959,-0.815048,0.561478
773.285899,-0.41658,-0.688263,0.452805
773.296044,-0.253571,-0.706375,0.271683
773.306179,-0.217346,-0.923721,0.036224
773.316311,-0.398468,-1.014282,-0.253571
773.326468,-0.489029,-1.068619,-0.253571
773.336599,-0.489029,-1.141068,-0.072449
773.346787,-0.489029,-1.195404,0.181122
773.356956,-0.470917,-1.177292,0.271683
773.367078,-0.452805,-1.141068,0.199234
773.377309,-0.452805,-1.195404,0.072449
773.38734,-0.398468,-1.213516,-0.036224
773.397469,-0.344131,-1.195404,-0.036224
773.407171,-0.344131,-1.068619,0.018112
773.416954,-0.398468,-1.014282,0.108673
773.427029,-0.597702,-1.032394,0.199234
773.437075,-0.778824,-1.086731,0.253571
773.448049,-1.068619,-1.285965,0.16301
773.458099,-1.376526,-1.376526,-0.144897
773.468452,-1.340302,-1.41275,-0.181122
773.478533,-0.887497,-1.285965,-0.144897
773.488594,-0.434692,-1.213516,-0.126785
773.498715,-0.054337,-1.141068,-0.054337
773.508853,0.072449,-1.122955,0.199234
773.518998,0.036224,-1.267853,0.652039
773.529263,-0.090561,-1.57576,0.742599
773.539282,-0.144897,-1.956116,0.398468
773.549471,-0.199234,-2.300247,0.235458
773.559749,-0.452805,-2.300247,-0.054337
773.569785,-0.489029,-2.245911,-0.307907
773.579945,-0.398468,-1.901779,-0.307907
773.590068,-0.217346,-1.593872,-0.16301
773.600341,-0.036224,-1.394638,0.018112
773.610351,0.126785,-1.231628,0.326019
773.620501,0.199234,-1.032394,0.489029
773.630645,0.054337,-0.887497,0.398468
773.640782,-0.217346,-0.724487,0.434692
773.651004,-0.380356,-0.670151,0.561478
773.661118,-0.543365,-0.633926,0.398468
773.671481,-0.615814,-0.525253,0.126785
773.681638,-0.326019,-0.57959,0.16301
773.691818,0,-0.507141,0.108673
773.701979,0.199234,-0.41658,0.181122
773.712115,0.217346,-0.307907,0.362244
773.72224,0.072449,-0.217346,0.452805
773.732381,-0.072449,-0.181122,0.362244
773.742577,-0.072449,-0.253571,0.289795
773.752752,0.108673,-0.271683,0.344131
773.762895,0.362244,-0.271683,0.362244
773.773054,0.57959,-0.235458,0.362244
773.783161,0.670151,-0.253571,0.344131
773.793312,0.706375,-0.271683,0.307907
773.803458,0.670151,-0.235458,0.235458
773.81363,0.615814,-0.235458,0.144897
773.823739,0.597702,-0.235458,0.144897
773.834048,0.525253,-0.235458,0.144897
773.844163,0.41658,-0.380356,0.108673
773.854353,0.235458,-0.633926,-0.108673
773.864493,-0.181122,-1.068619,-2.064789
773.874611,-0.815048,-2.300247,-1.376526
773.884905,-2.300247,-2.300247,-2.064789
773.894929,-2.137238,-1.974228,-0.271683
773.904563,-0.923721,-1.285965,-0.181122
773.914286,-0.507141,-0.941833,-0.489029
773.92445,-0.398468,-0.815048,-0.633926
773.934444,-0.326019,-0.778824,-0.597702
773.945316,-0.16301,-0.778824,-0.507141
773.955514,0.181122,-1.485199,-0.652039
773.96544,0.181122,-2.300247,-0.398468
773.97578,-0.072449,-2.300247,-0.978058
773.985911,-1.231628,-1.901779,-0.380356
773.996036,-1.104843,-0.869385,1.068619
774.006163,0.452805,-0.489029,1.267853
774.016291,1.213516,-0.271683,0.126785
774.026435,1.503311,-0.072449,-0.525253
774.036579,1.195404,0.054337,0.380356
774.046777,0.507141,-0.144897,0.941833
774.056943,0.289795,-0.380356,0.670151
774.067054,0.181122,-0.83316,0.525253
774.077182,0.16301,-1.430862,0.489029
774.087328,0.235458,-1.774994,0.489029
774.097461,0.307907,-2.010452,0.525253
774.107656,0.307907,-2.173462,0.543365
774.117778,0.054337,-2.137238,0.489029
774.12795,-0.181122,-1.630096,0.326019
774.138088,-0.289795,-1.15918,0.108673
774.148214,-0.380356,-0.959946,-0.036224
774.158392,-0.525253,-0.83316,-0.126785
774.168508,-0.706375,-0.724487,-0.217346
774.178705,-0.851273,-0.670151,-0.217346
774.188773,-0.760712,-0.688263,-0.16301
774.198842,-0.57959,-0.652039,-0.199234
774.208964,-0.380356,-0.670151,-0.289795
774.219106,-0.217346,-0.778824,-0.16301
774.229271,-0.072449,-0.959946,-0.108673
774.239408,0.126785,-0.905609,-0.090561
774.249544,0.126785,-0.887497,-0.036224
774.259729,0.018112,-0.869385,0.018112
774.269858,-0.126785,-0.815048,0.036224
774.280193,-0.326019,-0.815048,0.090561
774.290327,-0.41658,-0.83316,0.108673
774.300477,-0.41658,-0.851273,0.072449
774.310627,-0.253571,-0.851273,-0.199234
774.32077,-0.108673,-0.941833,-0.470917
774.331031,-0.018112,-1.122955,-0.543365
774.341061,-0.018112,-1.195404,-0.380356
774.351221,-0.16301,-1.032394,-0.144897
774.361409,-0.489029,-0.905609,0.144897
774.371548,-0.615814,-0.796936,0.362244
774.381671,-0.543365,-0.815048,0.41658
774.391863,-0.470917,-0.923721,0.326019
774.402049,-0.452805,-0.99617,0.199234
774.411779,-0.434692,-1.177292,0.072449
774.421577,-0.398468,-1.358414,-0.144897
774.431537,-0.434692,-1.41275,-0.235458
774.442405,-0.489029,-1.358414,-0.090561
774.452351,-0.507141,-1.267853,0.217346
774.462805,-0.452805,-1.177292,0.307907
774.47287,-0.470917,-1.086731,0.217346
774.482965,-0.452805,-1.068619,-0.036224
774.493148,-0.398468,-1.086731,-0.126785
774.503246,-0.434692,-1.086731,-0.108673
774.51339,-0.57959,-1.15918,-0.018112
774.523544,-0.778824,-1.340302,0.181122
774.533676,-0.941833,-1.448975,0.307907
774.544047,-1.104843,-1.249741,0.289795
774.554177,-1.122955,-1.104843,-0.108673
774.564369,-0.83316,-1.086731,-0.16301
774.574481,-0.072449,-1.068619,-0.036224
774.584611,0.090561,-1.177292,0.144897
774.594758,0.126785,-1.430862,0.344131
774.604897,0.090561,-1.756882,0.470917
774.615042,0.036224,-1.974228,0.41658
774.625174,-0.018112,-2.046677,0.271683
774.635364,-0.144897,-2.028564,0.199234
774.645545,-0.307907,-1.974228,0.072449
774.655655,-0.434692,-1.684433,-0.036224
774.66582,-0.470917,-1.521423,-0.108673
774.675934,-0.344131,-1.467087,0.144897
774.686065,-0.16301,-1.340302,0.271683
774.696189,-0.090561,-1.231628,0.235458
774.70635,-0.036224,-1.068619,0.307907
774.716487,-0.072449,-0.905609,0.489029
774.726622,-0.144897,-0.760712,0.489029
774.736769,-0.217346,-0.615814,0.307907
774.746962,-0.362244,-0.543365,0.289795
774.757086,-0.271683,-0.57959,0.271683
774.76726,-0.054337,-0.561478,0.16301
774.77739,0.054337,-0.489029,0.144897
774.787524,0.126785,-0.398468,0.126785
774.797659,0.126785,-0.307907,0.217346
774.807806,0.036224,-0.289795,0.344131
774.817925,-0.072449,-0.289795,0.362244
774.828082,-0.018112,-0.380356,0.271683
774.83823,0.108673,-0.470917,0.271683
774.84838,0.271683,-0.489029,0.289795
774.858504,0.452805,-0.470917,0.271683
774.868715,0.543365,-0.452805,0.271683
774.878896,0.597702,-0.398468,0.253571
774.88902,0.597702,-0.362244,0.217346
774.899152,0.561478,-0.344131,0.181122
774.908854,0.452805,-0.525253,0.199234
774.918565,0.326019,-0.796936,0.126785
774.928702,0.072449,-1.122955,-0.16301
774.938797,-0.507141,-1.521423,-2.064789
774.94961,-1.322189,-2.300247,-2.300247
774.960263,-2.300247,-2.300247,-1.104843
774.97224,-2.282135,-1.938004,-0.851273
774.982373,-1.177292,-1.177292,-0.144897
774.992535,-0.760712,-0.905609,-0.398468
775.00266,-0.470917,-0.724487,-0.561478
775.012782,-0.470917,-0.796936,-0.633926
775.022934,-0.652039,-0.905609,-0.670151
775.033096,-0.561478,-1.086731,-0.652039
775.043226,-0.452805,-1.865555,-0.434692
775.053383,-0.742599,-2.300247,-0.489029
775.063566,-1.503311,-2.046677,0.452805
775.073744,-0.887497,-1.014282,0.923721
775.083725,0.869385,-0.362244,0.57959
775.094039,2.028564,-0.470917,-0.525253
775.10423,2.064789,-0.543365,-0.778824
775.114387,1.467087,-0.144897,-0.199234
775.124488,0.597702,-0.199234,1.231628
775.134621,0.199234,-0.561478,1.249741
775.144767,0.072449,-0.99617,0.851273
775.154912,0.054337,-1.467087,0.670151
775.165037,0.126785,-1.811218,0.380356
775.175208,0.217346,-1.883667,0.289795
775.185334,0.217346,-1.901779,0.326019
775.195466,0.036224,-1.793106,0.362244
775.205595,-0.144897,-1.485199,0.307907
775.215751,-0.271683,-1.213516,0.199234
775.225883,-0.398468,-1.050507,0.054337
775.236036,-0.507141,-0.959946,-0.036224
775.24618,-0.652039,-0.869385,-0.054337
775.256322,-0.815048,-0.796936,-0.054337
775.266461,-0.941833,-0.688263,-0.090561
775.276645,-0.978058,-0.561478,-0.144897
775.286776,-0.851273,-0.434692,-0.108673
775.296896,-0.543365,-0.507141,-0.018112
775.307051,-0.307907,-0.724487,-0.072449
775.317168,-0.253571,-0.778824,-0.054337
775.327309,-0.217346,-0.83316,-0.036224
775.337458,-0.235458,-0.941833,-0.054337
775.347607,-0.126785,-0.99617,0.054337
775.357743,0.054337,-0.869385,-0.018112
775.367898,0.054337,-0.688263,-0.018112
775.378074,-0.018112,-0.670151,-0.072449
775.3882,-0.018112,-0.742599,-0.126785
775.398324,0.054337,-0.887497,-0.054337
775.408028,0.217346,-1.068619,-0.090561
775.417698,0.344131,-1.213516,-0.199234
775.42788,0.181122,-1.231628,-0.289795
775.437923,-0.16301,-1.050507,-0.144897
775.448838,-0.470917,-0.851273,0.144897
775.458986,-0.652039,-0.742599,0.362244
775.469411,-0.706375,-0.796936,0.434692
775.479677,-0.760712,-0.941833,0.271683
775.489679,-0.724487,-1.050507,0.054337
775.499788,-0.615814,-1.177292,-0.181122
775.509925,-0.57959,-1.285965,-0.253571
775.520063,-0.652039,-1.267853,0.199234
775.530193,-0.633926,-1.141068,0.289795
775.540369,-0.561478,-1.050507,0.16301
775.550509,-0.543365,-1.032394,0.090561
775.560657,-0.597702,-1.086731,0.235458
775.570798,-0.706375,-1.122955,0.398468
775.581077,-0.905609,-1.195404,0.362244
775.591145,-1.195404,-1.376526,0.090561
775.601454,-1.285965,-1.503311,-0.235458
775.611473,-0.99617,-1.322189,-0.525253
775.62163,-0.561478,-1.15918,-0.307907
775.631814,-0.307907,-1.068619,0.090561
775.641972,-0.16301,-1.068619,0.199234
775.652117,-0.090561,-1.122955,0.253571
775.662242,-0.072449,-1.231628,0.380356
775.672374,-0.090561,-1.376526,0.507141
775.682599,-0.126785,-1.720657,0.470917
775.692697,-0.144897,-2.119125,0.380356
775.702887,-0.16301,-2.282135,0.217346
775.713015,-0.253571,-2.119125,-0.054337
775.723188,-0.326019,-2.010452,-0.217346
775.733334,-0.307907,-1.847443,-0.199234
775.743481,-0.217346,-1.73877,0.036224
775.753634,-0.126785,-1.521423,0.271683
775.763689,0.054337,-1.358414,0.452805
775.774029,0.181122,-1.213516,0.706375
775.78421,0.054337,-1.122955,0.615814
775.79434,-0.434692,-0.887497,0.181122
775.804472,-0.57959,-0.706375,0.054337
775.814597,-0.362244,-0.688263,0.108673
775.824757,-0.235458,-0.742599,0.126785
775.834881,0,-0.652039,0.16301
775.845029,0.054337,-0.525253,0.181122
775.855189,0.144897,-0.362244,0.235458
775.865329,0.16301,-0.289795,0.289795
775.875459,0.126785,-0.235458,0.271683
775.885632,0.181122,-0.217346,0.217346
775.895768,0.271683,-0.217346,0.253571
775.905522,0.326019,-0.199234,0.307907
775.915153,0.398468,-0.144897,0.289795
775.925321,0.470917,-0.108673,0.289795
775.935356,0.525253,-0.072449,0.253571
775.946166,0.597702,-0.036224,0.235458
775.956368,0.561478,-0.054337,0.253571
775.966009,0.470917,-0.090561,0.271683
775.976759,0.41658,-0.199234,0.235458
775.986879,0.307907,-0.452805,0.16301
775.996999,-0.018112,-0.923721,-0.271683
776.007113,-0.561478,-1.73877,-2.300247
776.017267,-1.774994,-2.300247,-2.082901
776.02741,-2.300247,-2.300247,-1.41275
776.0376,-2.300247,-2.046677,-0.289795
776.047754,-0.796936,-1.285965,-0.398468
776.057882,-0.326019,-0.83316,-0.507141
776.068007,-0.271683,-0.724487,-0.57959
776.078149,-0.344131,-0.905609,-0.452805
776.088324,-0.16301,-0.815048,-0.41658
776.098447,0.090561,-0.742599,-0.615814
776.108596,0.289795,-1.539536,-0.597702
776.118742,-0.090561,-2.300247,-0.670151
776.128949,-0.706375,-2.300247,-0.615814
776.139093,-1.521423,-1.756882,0.434692
776.149215,-0.289795,-0.959946,0.815048
776.159342,0.851273,-0.57959,0.452805
776.169556,1.322189,-0.470917,-0.434692
776.179613,1.430862,-0.199234,-0.344131
776.189811,0.851273,-0.090561,0.724487
776.199931,0.398468,-0.398468,0.561478
776.210068,0.217346,-0.83316,0.543365
776.220206,0.181122,-1.322189,0.525253
776.230347,0.235458,-1.611984,0.489029
776.2405,0.326019,-1.793106,0.470917
776.25066,0.398468,-1.938004,0.525253
776.260805,0.289795,-2.264023,0.57959
776.270983,0.036224,-2.15535,0.525253
776.280787,-0.181122,-1.503311,0.326019
776.291329,-0.253571,-1.104843,0.181122
776.301428,-0.380356,-0.978058,0.090561
776.311555,-0.525253,-0.887497,0.090561
776.321683,-0.706375,-0.778824,0.036224
776.332005,-0.905609,-0.652039,-0.036224
776.342039,-0.941833,-0.543365,-0.253571
776.352173,-0.887497,-0.470917,-0.41658
776.362327,-0.633926,-0.652039,-0.181122
776.372495,-0.489029,-0.688263,0.018112
776.382551,-0.307907,-0.724487,0.036224
776.392748,-0.235458,-0.742599,-0.108673
776.402755,-0.235458,-1.014282,-0.253571
776.412357,-0.199234,-1.141068,-0.235458
776.422434,-0.090561,-0.99617,-0.199234
776.432404,0.054337,-0.796936,-0.16301
776.443239,-0.018112,-0.652039,-0.036224
776.453453,-0.072449,-0.615814,0.072449
776.463584,0.054337,-0.778824,-0.144897
776.473789,0.181122,-0.905609,-0.289795
776.484073,0.199234,-1.086731,-0.126785
776.494245,0.036224,-1.122955,0.289795
776.504359,-0.307907,-0.99617,0.452805
776.51449,-0.57959,-0.796936,0.434692
776.52462,-0.652039,-0.742599,0.344131
776.534749,-0.742599,-0.796936,-0.090561
776.544887,-0.83316,-1.068619,-0.380356
776.55503,-0.688263,-1.177292,-0.253571
776.565184,-0.561478,-1.213516,0.090561
776.575317,-0.525253,-1.177292,0.362244
776.585472,-0.525253,-1.122955,0.489029
776.595658,-0.470917,-1.068619,0.380356
776.605797,-0.326019,-1.050507,0.199234
776.615912,-0.344131,-1.068619,0.054337
776.626057,-0.380356,-1.050507,0.108673
776.636196,-0.525253,-1.014282,0.326019
776.646334,-0.688263,-1.050507,0.434692
776.656477,-0.905609,-1.231628,0.289795
776.666611,-1.177292,-1.430862,-0.036224
776.676744,-1.267853,-1.539536,-0.362244
776.686894,-0.978058,-1.467087,-0.57959
776.69717,-0.507141,-1.231628,-0.326019
776.707204,-0.217346,-1.15918,-0.072449
776.717352,-0.072449,-1.086731,-0.018112
776.727479,0.072449,-1.086731,-0.036224
776.737626,0.090561,-1.249741,0.108673
776.747759,-0.018112,-1.503311,0.307907
776.757906,-0.108673,-1.847443,0.344131
776.768047,-0.108673,-2.173462,0.235458
776.778227,-0.072449,-2.300247,0.072449
776.788364,-0.108673,-2.282135,-0.16301
776.798544,-0.108673,-2.137238,-0.307907
776.808703,-0.144897,-1.974228,-0.344131
776.818831,-0.054337,-1.73877,-0.217346
776.82896,0.054337,-1.467087,0.018112
776.83909,0.108673,-1.104843,0.271683
776.849229,0.144897,-0.851273,0.380356
776.859389,0.144897,-0.778824,0.652039
776.869525,-0.199234,-0.652039,0.452805
776.879658,-0.380356,-0.489029,0.018112
776.889806,-0.615814,-0.525253,-0.072449
776.899986,-0.380356,-0.543365,-0.018112
776.909663,-0.271683,-0.470917,0.036224
776.919902,-0.090561,-0.362244,0.126785
776.929496,0.036224,-0.253571,0.253571
776.94006,0.054337,-0.199234,0.271683
776.950613,0.054337,-0.181122,0.253571
776.960686,0.108673,-0.235458,0.217346
776.97091,0.235458,-0.271683,0.235458
776.981037,0.344131,-0.253571,0.289795
776.991166,0.434692,-0.181122,0.344131
777.001349,0.470917,-0.108673,0.380356
777.01153,0.470917,-0.108673,0.344131
777.021617,0.489029,-0.090561,0.307907
777.031807,0.452805,-0.16301,0.271683
777.041945,0.380356,-0.235458,0.235458
777.052143,0.289795,-0.380356,0.199234
777.062288,0.16301,-0.597702,0.126785
777.072486,-0.036224,-0.923721,-0.199234
777.082664,-0.253571,-1.557648,-1.883667
777.092741,-1.774994,-2.300247,-2.300247
777.102945,-2.300247,-2.300247,-0.83316
777.113091,-2.300247,-2.245911,-0.489029
777.123247,-0.706375,-1.340302,-0.652039
777.133486,-0.41658,-0.670151,-0.815048
777.143545,-0.398468,-0.597702,-0.742599
777.153646,-0.271683,-0.633926,-0.615814
777.163706,-0.018112,-0.742599,-0.615814
777.173999,0.326019,-1.249741,-0.742599
777.184156,0.633926,-2.300247,-0.760712
777.194433,0.344131,-2.300247,-1.15918
777.204487,-0.905609,-2.046677,-0.489029
777.214669,-0.99617,-1.394638,1.285965
777.224779,-0.036224,-0.597702,0.796936
777.234906,0.869385,-0.289795,0.072449
777.245033,0.887497,-0.144897,0.344131
777.25518,0.57959,-0.289795,0.652039
777.265325,0.41658,-0.543365,0.489029
777.275464,0.380356,-0.887497,0.434692
777.285651,0.380356,-1.122955,0.434692
777.295792,0.344131,-1.394638,0.489029
777.305974,0.380356,-1.539536,0.470917
777.316078,0.398468,-1.702545,0.507141
777.32621,0.326019,-1.938004,0.525253
777.336349,0.126785,-2.101013,0.507141
777.346521,-0.072449,-1.82933,0.41658
777.356649,-0.217346,-1.358414,0.344131
777.366779,-0.362244,-1.032394,0.271683
777.376912,-0.561478,-0.887497,0.253571
777.387052,-0.742599,-0.742599,0.144897
777.397187,-0.887497,-0.670151,-0.090561
777.406881,-0.887497,-0.507141,-0.615814
777.416555,-0.706375,-0.434692,-0.489029
777.426734,-0.489029,-0.652039,-0.072449
777.43677,-0.452805,-0.724487,0.108673
777.447701,-0.470917,-0.742599,0.199234
777.45778,-0.362244,-0.796936,-0.036224
777.467634,-0.271683,-0.923721,-0.307907
777.478148,-0.199234,-1.068619,-0.362244
777.488214,-0.018112,-0.959946,-0.633926
777.498347,0.054337,-0.869385,-0.470917
777.508557,-0.054337,-0.905609,-0.489029
777.518685,-0.344131,-0.83316,-0.380356
777.528787,-0.688263,-0.760712,-0.199234
777.538934,-0.796936,-0.851273,0.054337
777.549079,-0.543365,-0.978058,0.181122
777.559221,-0.217346,-1.032394,0.108673
777.569355,-0.090561,-0.941833,0.181122
777.579496,-0.507141,-0.670151,0.307907
777.589636,-0.525253,-0.724487,0.344131
777.599777,-0.57959,-0.851273,0.16301
777.609989,-0.652039,-1.050507,-0.108673
777.620118,-0.597702,-1.231628,-0.199234
777.630248,-0.434692,-1.304077,0.018112
777.640395,-0.380356,-1.231628,0.271683
777.650531,-0.470917,-1.15918,0.434692
777.660694,-0.507141,-1.141068,0.434692
777.670976,-0.380356,-1.177292,0.253571
777.681016,-0.289795,-1.195404,-0.036224
777.69115,-0.289795,-1.195404,-0.108673
777.701286,-0.434692,-1.086731,0.072449
777.71149,-0.760712,-0.978058,0.307907
777.721634,-0.83316,-0.905609,0.41658
777.731808,-0.796936,-1.032394,0.235458
777.741979,-1.086731,-1.394638,0.036224
777.752116,-1.285965,-1.630096,-0.054337
777.762254,-0.99617,-1.539536,-0.072449
777.772397,-0.561478,-1.340302,-0.144897
777.782572,-0.199234,-1.285965,-0.108673
777.792702,0.072449,-1.322189,-0.144897
777.802857,0.199234,-1.448975,-0.036224
777.813073,0.253571,-1.611984,0.217346
777.823246,0.16301,-1.793106,0.307907
777.833333,0.16301,-1.99234,0.199234
777.843476,0.181122,-2.082901,0.018112
777.85367,0.126785,-2.101013,-0.036224
777.86372,-0.072449,-2.119125,-0.144897
777.874094,-0.181122,-1.82933,-0.344131
777.884286,-0.108673,-1.521423,-0.326019
777.894341,-0.018112,-1.267853,0.217346
777.903932,0.090561,-0.99617,0.217346
777.913741,0.072449,-0.869385,0.489029
777.923927,-0.199234,-0.778824,0.525253
777.933921,-0.307907,-0.597702,0.199234
777.944794,-0.344131,-0.434692,0.036224
777.954971,-0.271683,-0.398468,0.108673
777.965107,-0.181122,-0.41658,0.090561
777.975326,-0.108673,-0.452805,0.036224
777.985447,0.036224,-0.326019,0.090561
777.995548,0.054337,-0.235458,0.181122
778.005695,-0.018112,-0.199234,0.235458
778.015891,-0.036224,-0.199234,0.235458
778.026009,-0.054337,-0.271683,0.217346
778.036135,0.054337,-0.362244,0.199234
778.046279,0.217346,-0.344131,0.235458
778.056417,0.344131,-0.326019,0.271683
778.066537,0.452805,-0.289795,0.289795
778.076688,0.489029,-0.271683,0.307907
778.086832,0.489029,-0.271683,0.271683
778.096968,0.434692,-0.289795,0.217346
778.107127,0.398468,-0.326019,0.16301
778.117322,0.307907,-0.41658,0.144897
778.127427,0.16301,-0.57959,-0.018112
778.137564,-0.072449,-0.851273,-0.489029
778.147706,-0.398468,-1.503311,-2.300247
778.157839,-2.137238,-2.300247,-1.73877
778.167992,-2.300247,-2.300247,-1.014282
778.178184,-2.300247,-2.300247,-0.489029
778.18832,-0.380356,-1.322189,-0.796936
778.198526,-0.126785,-0.543365,-0.941833
778.20859,-0.326019,-0.452805,-0.760712
778.218775,-0.217346,-0.633926,-0.597702
778.228905,0.054337,-0.652039,-0.851273
778.239034,0.507141,-1.684433,-1.249741
778.249163,0.434692,-2.300247,-0.289795
778.259353,-0.978058,-1.485199,1.050507
778.269483,0.452805,-0.615814,1.231628
778.279611,1.304077,-0.235458,0.57959
778.289756,1.684433,-0.054337,0.235458
778.299894,1.322189,0.090561,0.670151
778.310035,0.615814,-0.181122,0.851273
778.320233,0.398468,-0.57959,0.615814
778.330369,0.289795,-1.014282,0.57959
778.340503,0.253571,-1.503311,0.561478
778.350743,0.289795,-1.793106,0.597702
778.360848,0.398468,-1.938004,0.561478
778.37099,0.434692,-2.046677,0.615814
778.381176,0.344131,-2.191574,0.633926
778.391174,0.126785,-2.15535,0.470917
778.401447,-0.072449,-1.611984,0.344131
778.411171,-0.181122,-1.213516,0.271683
778.420893,-0.307907,-1.032394,0.217346
778.430953,-0.41658,-0.941833,0.199234
778.441841,-0.57959,-0.83316,0.144897
778.451506,-0.796936,-0.706375,0.108673
778.46211,-0.99617,-0.57959,0.036224
778.472347,-1.014282,-0.561478,-0.144897
778.482434,-0.905609,-0.543365,-0.289795
778.492588,-0.633926,-0.489029,-0.253571
778.502709,-0.452805,-0.561478,-0.090561
778.512853,-0.434692,-0.633926,0.036224
778.52309,-0.434692,-0.778824,0.036224
778.533335,-0.380356,-0.959946,-0.018112
778.543359,-0.326019,-1.014282,0.054337
778.553522,-0.199234,-0.887497,-0.090561
778.563552,0.018112,-0.778824,-0.633926
778.573703,0.108673,-0.869385,-0.724487
778.583675,-0.126785,-1.032394,-0.742599
778.594022,-0.380356,-1.068619,-0.217346
778.604172,-0.83316,-0.887497,0.633926
778.614315,-0.706375,-0.778824,0.887497
778.624498,-0.434692,-0.724487,0.615814
778.634624,-0.289795,-0.706375,0.217346
778.644752,-0.398468,-0.724487,-0.126785
778.654891,-0.543365,-0.869385,-0.289795
778.665025,-0.652039,-1.014282,-0.199234
778.675157,-0.633926,-1.086731,0.054337
778.68538,-0.543365,-1.104843,0.235458
778.695466,-0.434692,-1.104843,0.344131
778.70562,-0.452805,-1.086731,0.344131
778.715754,-0.470917,-1.104843,0.362244
778.726022,-0.434692,-1.177292,0.271683
778.736084,-0.41658,-1.177292,0.181122
778.746223,-0.398468,-1.122955,0.108673
778.75636,-0.452805,-1.050507,0.108673
778.766475,-0.561478,-0.978058,0.108673
778.776616,-0.670151,-0.923721,0.271683
778.786846,-0.670151,-0.905609,0.235458
778.797008,-0.83316,-1.15918,0.108673
778.807141,-1.104843,-1.41275,0.108673
778.817276,-1.267853,-1.430862,-0.018112
778.827484,-1.050507,-1.267853,-0.217346
778.83761,-0.543365,-1.15918,-0.307907
778.847747,-0.126785,-1.249741,-0.362244
778.857878,0.144897,-1.485199,-0.307907
778.868017,0.253571,-1.756882,-0.036224
778.878155,0.271683,-1.938004,0.235458
778.88828,0.16301,-2.064789,0.307907
778.898483,0.217346,-2.119125,0.199234
778.908163,0.199234,-1.956116,0.054337
778.917871,-0.054337,-1.883667,0.018112
778.928,-0.235458,-1.901779,-0.181122
778.938045,-0.289795,-1.720657,-0.307907
778.948902,-0.199234,-1.467087,0.16301
778.959041,-0.126785,-1.014282,0.470917
778.968993,-0.217346,-0.941833,0.489029
778.979511,-0.41658,-0.815048,0.307907
778.989593,-0.489029,-0.688263,0.126785
778.999717,-0.434692,-0.652039,0.108673
779.009861,-0.289795,-0.597702,0.16301
779.020001,-0.144897,-0.561478,0.126785
779.030206,-0.018112,-0.507141,0.054337
779.040341,0.144897,-0.489029,0.018112
779.050511,0.126785,-0.380356,0.090561
779.060654,0.090561,-0.235458,0.181122
779.070783,0.036224,-0.181122,0.271683
779.08093,-0.036224,-0.199234,0.271683
779.091074,0.072449,-0.217346,0.271683
779.101347,0.16301,-0.217346,0.289795
779.11138,0.271683,-0.217346,0.307907
779.121522,0.380356,-0.199234,0.326019
779.131728,0.452805,-0.181122,0.307907
779.141915,0.489029,-0.16301,0.271683
779.152063,0.452805,-0.217346,0.253571
779.162178,0.398468,-0.253571,0.253571
779.172312,0.326019,-0.307907,0.235458
779.182484,0.144897,-0.452805,0.090561
779.192608,-0.090561,-0.724487,-0.217346
779.202753,-0.307907,-1.285965,-1.847443
779.212907,-1.485199,-2.300247,-2.300247
779.223125,-2.300247,-2.300247,-0.887497
779.233244,-2.300247,-2.300247,-0.398468
779.243434,-1.104843,-1.774994,-0.778824
779.253562,-0.307907,-0.905609,-0.905609
779.263611,-0.199234,-0.597702,-0.815048
779.273692,-0.217346,-0.670151,-0.615814
779.284025,0.036224,-0.724487,-0.796936
779.294167,0.688263,-2.119125,-0.633926
779.304349,0.398468,-2.300247,-0.99617
779.314612,-1.032394,-2.300247,-0.615814
779.32468,-1.485199,-1.684433,0.796936
779.334921,-0.181122,-1.032394,1.141068
779.34496,0.796936,-0.57959,0.561478
779.355085,1.340302,-0.271683,-0.16301
779.365224,1.376526,-0.036224,0.362244
779.375367,0.742599,-0.036224,0.959946
779.385577,0.344131,-0.271683,0.778824
779.395661,0.271683,-0.489029,0.597702
779.405381,0.217346,-0.923721,0.633926
779.4151,0.181122,-1.485199,0.652039
779.42526,0.217346,-1.847443,0.597702
779.435305,0.344131,-1.919891,0.525253
779.446121,0.362244,-2.010452,0.489029
779.456342,0.289795,-2.15535,0.452805
779.466424,0.108673,-2.119125,0.362244
779.476697,-0.108673,-1.557648,0.271683
779.486874,-0.217346,-1.15918,0.181122
779.496901,-0.289795,-0.905609,0.181122
779.507036,-0.380356,-0.778824,0.181122
779.51717,-0.525253,-0.706375,0.16301
779.52731,-0.724487,-0.615814,0.108673
779.53751,-0.83316,-0.525253,0.054337
779.547633,-0.83316,-0.507141,-0.072449
779.557766,-0.742599,-0.561478,-0.16301
779.56788,-0.615814,-0.724487,-0.144897
779.578026,-0.561478,-0.742599,-0.126785
779.588166,-0.525253,-0.887497,-0.090561
779.598319,-0.470917,-1.032394,-0.072449
779.608474,-0.41658,-0.978058,-0.018112
779.618613,-0.307907,-0.778824,0.090561
779.628736,-0.217346,-0.652039,-0.706375
779.638929,0.16301,-0.706375,-0.742599
779.649069,0.018112,-1.014282,-0.706375
779.659196,-0.307907,-1.050507,-0.380356
779.66932,-0.434692,-0.905609,0.452805
779.679457,-0.434692,-0.887497,0.959946
779.689585,-0.235458,-0.851273,0.815048
779.699733,-0.16301,-0.815048,0.41658
779.709897,-0.380356,-0.815048,-0.054337
779.720035,-0.597702,-0.887497,-0.362244
779.730225,-0.688263,-0.99617,-0.452805
779.740407,-0.633926,-1.104843,-0.199234
779.75052,-0.57959,-1.141068,0.199234
779.760668,-0.543365,-1.15918,0.543365
779.770816,-0.57959,-1.104843,0.615814
779.780958,-0.633926,-1.086731,0.434692
779.791095,-0.688263,-1.122955,0.217346
779.801243,-0.652039,-1.177292,0.108673
779.811401,-0.633926,-1.177292,0.090561
779.821535,-0.670151,-1.068619,0.126785
779.831703,-0.706375,-0.978058,0.199234
779.841984,-0.778824,-0.978058,0.289795
779.852138,-0.724487,-0.99617,0.253571
779.862228,-0.83316,-1.322189,0.036224
779.872431,-1.050507,-1.557648,-0.16301
779.882414,-0.941833,-1.448975,-0.235458
779.892598,-0.615814,-1.195404,-0.289795
779.902585,-0.326019,-1.050507,-0.144897
779.912208,-0.16301,-0.99617,0.090561
779.922351,-0.108673,-1.068619,0.126785
779.932288,-0.090561,-1.249741,0.090561
779.943206,-0.090561,-1.539536,0.108673
779.95335,-0.181122,-2.010452,0.199234
779.963667,-0.16301,-2.300247,0.217346
779.973771,-0.036224,-2.15535,-0.072449
779.983819,-0.126785,-2.010452,-0.235458
779.994208,-0.16301,-2.010452,-0.362244
780.004228,-0.090561,-1.73877,-0.344131
780.01437,-0.018112,-1.485199,-0.217346
780.024506,0.090561,-1.285965,0.018112
780.034625,0.181122,-1.050507,0.253571
780.044817,0.235458,-0.923721,0.652039
780.05495,0.090561,-0.815048,0.959946
780.065069,-0.434692,-0.760712,0.217346
780.075216,-0.83316,-0.706375,-0.16301
780.085353,-1.032394,-0.543365,0.018112
780.095502,-0.597702,-0.615814,0.126785
780.105652,-0.253571,-0.525253,0.036224
780.115816,0.036224,-0.434692,0.108673
780.125945,0.181122,-0.326019,0.235458
780.136074,0.181122,-0.253571,0.289795
780.146276,0.090561,-0.217346,0.235458
780.156399,0.090561,-0.271683,0.217346
780.166512,0.181122,-0.253571,0.253571
780.176647,0.307907,-0.235458,0.289795
780.186865,0.398468,-0.199234,0.289795
780.197017,0.41658,-0.16301,0.271683
780.207093,0.434692,-0.199234,0.289795
780.217227,0.41658,-0.253571,0.289795
780.22737,0.398468,-0.326019,0.289795
780.237517,0.380356,-0.344131,0.235458
780.247691,0.362244,-0.380356,0.16301
780.257827,0.326019,-0.434692,0.108673
780.267969,0.289795,-0.452805,0.090561
780.278103,0.217346,-0.525253,0.018112
780.288323,0.108673,-0.688263,-0.16301
780.298381,-0.072449,-1.086731,-0.83316
780.308527,-0.760712,-2.15535,-1.014282
780.318821,-2.300247,-2.300247,-0.561478
780.328885,-2.010452,-1.793106,-0.597702
780.339045,-1.086731,-0.869385,-0.760712
780.349185,-0.796936,-0.398468,-0.851273
780.359306,-0.57959,-0.398468,-0.778824
780.369448,-0.289795,-0.398468,-0.652039
780.379565,-0.036224,-0.434692,-0.633926
780.389712,0.434692,-0.99617,-0.525253
780.399847,0.724487,-2.010452,-0.344131
780.409612,0.57959,-2.300247,-0.199234
780.418415,-0.380356,-2.264023,0.326019
780.429438,-0.83316,-1.104843,0.706375
780.439478,-0.16301,-1.050507,0.489029
780.450451,0.398468,-0.978058,0.326019
780.460535,0.742599,-0.706375,-0.036224
780.470528,0.706375,-0.41658,0.344131
780.480886,0.507141,-0.434692,0.470917
780.490976,0.452805,-0.615814,0.326019
780.501101,0.380356,-0.887497,0.271683
780.511249,0.398468,-1.122955,0.362244
780.521406,0.41658,-1.41275,0.452805
780.531541,0.41658,-1.73877,0.470917
780.541693,0.489029,-1.974228,0.507141
780.551966,0.41658,-2.119125,0.543365
780.562118,0.16301,-1.847443,0.597702
780.572279,-0.036224,-1.539536,0.615814
780.582349,-0.144897,-1.15918,0.470917
780.592511,-0.217346,-0.905609,0.398468
780.602827,-0.326019,-0.742599,0.380356
780.612806,-0.398468,-0.615814,0.344131
780.622955,-0.507141,-0.615814,0.344131
780.633109,-0.670151,-0.652039,0.289795
780.643248,-0.851273,-0.724487,0.036224
780.653453,-0.760712,-0.742599,-0.398468
780.663586,-0.398468,-0.688263,-0.470917
780.673742,-0.380356,-0.83316,-0.235458
780.683692,-0.452805,-1.032394,-0.108673
780.694008,-0.452805,-0.99617,0.090561
780.704148,-0.452805,-0.796936,0.253571
780.714308,-0.452805,-0.652039,0.326019
780.724468,-0.108673,-0.57959,-1.249741
780.734683,-0.018112,-0.851273,-1.539536
780.744738,-0.307907,-1.068619,-1.086731
780.75493,-0.543365,-1.086731,-0.470917
780.765049,-0.778824,-0.905609,0.57959
780.77518,-0.688263,-0.778824,1.141068
780.785331,-0.326019,-0.633926,0.941833
780.795453,-0.271683,-0.706375,0.452805
780.805603,-0.507141,-0.742599,0.036224
780.815736,-0.724487,-0.923721,-0.271683
780.8259,-0.778824,-1.086731,-0.380356
780.836034,-0.597702,-1.141068,-0.144897
780.846167,-0.470917,-1.177292,0.199234
780.856355,-0.470917,-1.177292,0.525253
780.866493,-0.434692,-1.104843,0.57959
780.876625,-0.380356,-1.122955,0.452805
780.886757,-0.326019,-1.177292,0.289795
780.896889,-0.289795,-1.231628,0.181122
780.906543,-0.307907,-1.177292,0.144897
780.91625,-0.434692,-1.068619,0.144897
780.926432,-0.597702,-0.978058,0.199234
780.936461,-0.633926,-0.887497,0.199234
780.94735,-0.706375,-1.086731,0.036224
780.957491,-0.959946,-1.611984,-0.108673
780.96774,-1.086731,-1.774994,-0.181122
780.977882,-0.905609,-1.57576,-0.217346
780.988018,-0.543365,-1.340302,-0.144897
780.998077,-0.289795,-1.195404,0.036224
781.008202,-0.126785,-1.141068,-0.181122
781.018355,0.018112,-1.430862,-0.126785
781.028485,0.072449,-1.702545,0.018112
781.038631,0.054337,-2.082901,0.108673
781.048835,0.126785,-2.300247,0.072449
781.059303,0.144897,-2.264023,-0.036224
781.071228,-0.018112,-1.938004,-0.090561
781.081368,-0.144897,-1.938004,-0.235458
781.091535,-0.235458,-1.756882,-0.307907
781.101826,-0.181122,-1.485199,-0.181122
781.11188,-0.072449,-1.177292,0.16301
781.122014,-0.090561,-1.068619,0.307907
781.13214,-0.199234,-1.014282,0.344131
781.142269,-0.271683,-0.923721,0.398468
781.152415,-0.41658,-0.724487,0.326019
781.162652,-0.362244,-0.561478,0.108673
781.172751,-0.16301,-0.434692,0.090561
781.182889,-0.108673,-0.434692,0.199234
781.193056,-0.018112,-0.362244,0.144897
781.203172,0.090561,-0.253571,0.144897
781.213319,0.090561,-0.235458,0.16301
781.223463,0.018112,-0.144897,0.199234
781.233621,-0.108673,-0.108673,0.217346
781.243687,-0.16301,-0.144897,0.235458
781.254037,-0.108673,-0.217346,0.217346
781.264221,0.126785,-0.253571,0.326019
781.273811,0.307907,-0.217346,0.326019
781.284555,0.470917,-0.16301,0.344131
781.294611,0.489029,-0.144897,0.326019
781.304725,0.434692,-0.16301,0.307907
781.31485,0.380356,-0.235458,0.235458
781.324998,0.271683,-0.326019,0.199234
781.335236,0.126785,-0.470917,0.126785
781.34529,-0.054337,-0.724487,-0.108673
781.355424,-0.16301,-1.050507,-0.99617
781.365634,-0.615814,-1.811218,-2.300247
781.37575,-2.300247,-2.300247,-1.122955
781.384213,-2.300247,-2.300247,-0.760712
781.396003,-1.847443,-2.300247,-0.742599
781.405672,-0.470917,-1.195404,-0.941833
781.415396,0.036224,-0.597702,-0.959946
781.425568,-0.181122,-0.57959,-0.706375
781.435605,-0.090561,-0.525253,-0.489029
781.446431,0.144897,-0.307907,-0.561478
781.456619,0.271683,-0.398468,-0.815048
781.466779,0.543365,-1.41275,-0.742599
781.477016,0.398468,-2.300247,-0.724487
781.487133,-0.41658,-2.300247,-0.561478
781.497232,-1.539536,-2.300247,0.398468
781.507401,-0.815048,-1.304077,0.923721
781.51753,0.344131,-0.688263,1.104843
781.527658,0.869385,-0.326019,0.235458
781.53781,1.195404,-0.16301,-0.307907
781.547945,1.068619,-0.090561,0.271683
781.558086,0.652039,-0.307907,0.543365
781.568276,0.434692,-0.525253,0.398468
781.578398,0.380356,-0.851273,0.470917
781.588623,0.307907,-1.249741,0.57959
781.598672,0.289795,-1.539536,0.688263
781.608808,0.362244,-1.720657,0.633926
781.618949,0.380356,-1.774994,0.507141
781.629088,0.326019,-2.010452,0.470917
781.639288,-0.018112,-1.919891,0.398468
781.649418,-0.199234,-1.448975,0.344131
781.659548,-0.307907,-1.068619,0.307907
781.669865,-0.470917,-0.887497,0.344131
781.679879,-0.597702,-0.724487,0.289795
781.690054,-0.742599,-0.652039,0.181122
781.700138,-0.851273,-0.670151,-0.072449
781.710291,-0.869385,-0.688263,-0.289795
781.720417,-0.869385,-0.57959,-0.398468
781.730618,-0.652039,-0.615814,-0.271683
781.740759,-0.507141,-0.706375,-0.144897
781.750897,-0.434692,-0.851273,-0.108673
781.761047,-0.41658,-1.050507,-0.072449
781.771231,-0.434692,-1.177292,-0.018112
781.78137,-0.398468,-1.050507,0.072449
781.791513,-0.326019,-0.760712,0.090561
781.801653,-0.271683,-0.525253,0.018112
781.811846,0.054337,-0.489029,-1.032394
781.822042,0.108673,-0.778824,-1.014282
781.832143,-0.16301,-1.068619,-0.543365
781.842278,-0.398468,-1.104843,0.036224
781.852419,-0.543365,-0.83316,0.652039
781.862586,-0.470917,-0.796936,0.869385
781.872754,-0.41658,-0.869385,0.633926
781.882885,-0.434692,-0.796936,0.380356
781.893052,-0.543365,-0.815048,0.144897
